VIN,SaleDate,Region,State,Plant,Brand,Model,FuelType,No_of_Cylinders,Mileage_mpg,ProductionUnits,SalesUnits,Price,Discount,Revenue,Profit,Year
TAT1410SD717,05-01-2019,North,Jharkhand,Pune,Tata,Safari,Diesel,4,36.7,134.6,446.4,9.21,46593,1242422000,406528703,2019
TAT1410SD718,09-01-2019,West,Maharashtra,Ranjangaon,Tata,Nexon,Petrol,4,46.7,194.2,1266.4,11.8,31448,1122500000,321356023,2019
TAT1410SD719,09-01-2019,South,Kerala,Pune,Tata,Tigor,Petrol,3,39.9,280.2,1994,21.6,19813,621396000,155104712,2019
TAT1410SD720,13-01-2019,East,Odisha,Pune,Tata,Tiago EV,EV,0,152.2,107.8,364.8,21.6,43028,705895000,147372175,2019
TAT1410SD721,17-01-2019,North,Delhi,Pune,Tata,Nexon EV,EV,0,196.9,320.2,929.2,14.56,19956,1799714000,530184640,2019
TAT1410SD722,21-01-2019,South,Telangana,Ranjangaon,Tata,Tigor EV,EV,0,169.6,784.8,1881.2,7.16,19953,1032512000,326442537,2019
TAT1410SD723,25-01-2019,West,Gujarat,Pune,Tata,Tiago,Diesel,3,49.7,300.4,1036.4,9.62,22681,666852000,223186975,2019
TAT1410SD724,29-01-2019,North,Rajasthan,Pune,Tata,Altroz,Petrol,4,52.2,101.6,486,7.2,20708,598500000,152749580,2019
TAT1410SD725,02-02-2019,South,Karnataka,Ranjangaon,Tata,Punch,Petrol,3,58.7,368.4,754.8,16.6,35488,681818000,202456094,2019
TAT1410SD726,06-02-2019,East,Bihar,Pune,Tata,Harrier,Diesel,4,48.2,225.4,789.6,9.76,26578,921235000,241638848,2019
TAT1410SD727,10-02-2019,North,Jharkhand,Pune,Tata,Safari,Diesel,4,36.7,302.2,1028.8,7.94,25662,1256944000,411290278,2019
TAT1410SD728,14-02-2019,West,Maharashtra,Ranjangaon,Tata,Nexon,Petrol,4,46.7,180.2,823.2,17.04,22012,1136250000,325262590,2019
TAT1410SD729,18-02-2019,South,Kerala,Pune,Tata,Tigor,Petrol,3,39.9,121.8,437.6,12.94,48359,628480000,156870000,2019
TAT1410SD730,22-02-2019,East,Odisha,Pune,Tata,Tiago EV,EV,0,152.2,80.4,236,11.69,36448,714080000,149082750,2019
TAT1410SD731,26-02-2019,North,Delhi,Pune,Tata,Nexon EV,EV,0,196.9,211.2,1644,17.13,5907,1820760000,536386320,2019
TAT1410SD732,02-03-2019,South,Telangana,Ranjangaon,Tata,Tigor EV,EV,0,169.6,537.8,1512.8,19.04,20893,1045252000,330478125,2019
TAT1410SD733,06-03-2019,West,Gujarat,Pune,Tata,Tiago,Diesel,3,49.7,455.4,1358.8,8.71,24465,675030000,225925925,2019
TAT1410SD734,10-03-2019,North,Rajasthan,Pune,Tata,Altroz,Petrol,4,52.2,239.6,1256.4,6.84,36799,605580000,154567056,2019
TAT1410SD735,14-03-2019,South,Karnataka,Ranjangaon,Tata,Punch,Petrol,3,58.7,294.2,960.4,7.98,25959,689911000,204866992,2019
TAT1410SD736,18-03-2019,East,Bihar,Pune,Tata,Harrier,Diesel,4,48.2,543.8,1688.8,7.77,49835,932270000,244528509,2019
TAT1410SD737,22-03-2019,North,Jharkhand,Pune,Tata,Safari,Diesel,4,36.7,135.4,285.2,19.07,15489,1271466000,416051855,2019
TAT1410SD738,26-03-2019,West,Maharashtra,Ranjangaon,Tata,Nexon,Petrol,4,46.7,223.8,502.4,15.18,33955,1150000000,329175000,2019
TAT1410SD739,30-03-2019,South,Kerala,Pune,Tata,Tigor,Petrol,3,39.9,116.6,450,14.47,11201,635564000,158656664,2019
TAT1410SD740,03-04-2019,East,Odisha,Pune,Tata,Tiago EV,EV,0,152.2,263.6,946.8,9.35,30192,722265000,150793425,2019
TAT1410SD741,07-04-2019,North,Delhi,Pune,Tata,Nexon EV,EV,0,196.9,85.6,215.6,19.42,34427,1841806000,542588032,2019
TAT1410SD742,11-04-2019,South,Telangana,Ranjangaon,Tata,Tigor EV,EV,0,169.6,111,1309.6,7.43,34250,1057992000,334513714,2019
TAT1410SD743,15-04-2019,West,Gujarat,Pune,Tata,Tiago,Diesel,3,49.7,371,1228,11.16,33584,683208000,228664875,2019
TAT1410SD744,19-04-2019,North,Rajasthan,Pune,Tata,Altroz,Petrol,4,52.2,349.2,1000.4,6.08,27205,612645000,156384524,2019
TAT1410SD745,23-04-2019,South,Karnataka,Ranjangaon,Tata,Punch,Petrol,3,58.7,400.8,1600,9.36,17045,698004000,207277881,2019
TAT1410SD746,27-04-2019,East,Bihar,Pune,Tata,Harrier,Diesel,4,48.2,117.8,1401.6,7.47,12998,943305000,247418160,2019
TAT1410SD747,01-05-2019,North,Jharkhand,Pune,Tata,Safari,Diesel,4,36.7,119.4,517.6,6.82,21120,1285988000,420813431,2019
TAT1410SD748,05-05-2019,West,Maharashtra,Ranjangaon,Tata,Nexon,Petrol,4,46.7,602.8,1332,8.75,32354,1163750000,333082158,2019
TAT1410SD749,09-05-2019,South,Kerala,Pune,Tata,Tigor,Petrol,3,39.9,521.6,1744.8,7.94,26933,642648000,160431104,2019
TAT1410SD750,13-05-2019,East,Odisha,Pune,Tata,Tiago EV,EV,0,152.2,788.6,1776.8,8.59,8864,730450000,152504100,2019
TAT1410SD751,17-05-2019,North,Delhi,Pune,Tata,Nexon EV,EV,0,196.9,120.8,696,12.66,24280,1862852000,548789744,2019
TAT1410SD752,21-05-2019,South,Telangana,Ranjangaon,Tata,Tigor EV,EV,0,169.6,92.2,213.2,7.51,17831,1070732000,338549303,2019
TAT1410SD753,25-05-2019,West,Gujarat,Pune,Tata,Tiago,Diesel,3,49.7,575,1856,14.89,31169,691386000,231403820,2019
TAT1410SD754,29-05-2019,North,Rajasthan,Pune,Tata,Altroz,Petrol,4,52.2,501.8,1655.6,19.53,35951,619710000,158181999,2019
TAT1410SD755,02-06-2019,South,Karnataka,Ranjangaon,Tata,Punch,Petrol,3,58.7,276.6,653.6,7.61,45426,706097000,209688771,2019
TAT1410SD756,06-06-2019,East,Bihar,Pune,Tata,Harrier,Diesel,4,48.2,250.6,698.8,7.01,47049,954340000,250307810,2019
TAT1410SD757,10-06-2019,North,Jharkhand,Pune,Tata,Safari,Diesel,4,36.7,563.6,1367.6,10.12,29343,1300510000,425575005,2019
TAT1410SD758,14-06-2019,West,Maharashtra,Ranjangaon,Tata,Nexon,Petrol,4,46.7,903.4,1806.8,16.11,42274,1177500000,336989447,2019
TAT1410SD645,18-06-2019,South,Karnataka,Ranjangaon,Tata,Punch,Petrol,3,58.7,105.9,126.4,14.11,18954,617074000,183158968,2019
TAT1410SD646,22-06-2019,East,Bihar,Pune,Tata,Harrier,Diesel,4,48.2,274.7,320.2,13.55,7954,832950000,218510787,2019
TAT1410SD647,26-06-2019,North,Jharkhand,Pune,Tata,Safari,Diesel,4,36.7,470.6,332,7.12,6176,1140766000,373161865,2019
TAT1410SD648,30-06-2019,West,Maharashtra,Ranjangaon,Tata,Nexon,Petrol,4,46.7,209.2,268.2,6.55,31640,1025625000,294008404,2019
TAT1410SD649,04-07-2019,South,Kerala,Pune,Tata,Tigor,Petrol,3,39.9,468.4,230,8.29,10167,571808000,142723528,2019
TAT1410SD650,08-07-2019,East,Odisha,Pune,Tata,Tiago EV,EV,0,152.2,95.5,183.6,8.73,35213,648600000,135397500,2019
TAT1410SD651,12-07-2019,North,Delhi,Pune,Tata,Nexon EV,EV,0,196.9,479.1,873.8,14.15,36205,1652392000,486769176,2019
TAT1410SD652,16-07-2019,South,Telangana,Ranjangaon,Tata,Tigor EV,EV,0,169.6,317.5,352.6,7.39,47392,943332000,298184854,2019
TAT1410SD653,20-07-2019,West,Gujarat,Pune,Tata,Tiago,Diesel,3,49.7,207.9,192.4,6.55,10680,609606000,204014316,2019
TAT1410SD654,24-07-2019,North,Rajasthan,Pune,Tata,Altroz,Petrol,4,52.2,350,359.6,8.49,22077,549030000,140028264,2019
TAT1410SD655,28-07-2019,South,Karnataka,Ranjangaon,Tata,Punch,Petrol,3,58.7,332.8,256,8.61,24521,625167000,185569857,2019
TAT1410SD656,01-08-2019,East,Bihar,Pune,Tata,Harrier,Diesel,4,48.2,400.3,771.4,9.91,46803,843985000,221400445,2019
TAT1410SD657,05-08-2019,North,Jharkhand,Pune,Tata,Safari,Diesel,4,36.7,496.7,963.8,7.5,32759,1155288000,377923442,2019
TAT1410SD658,09-08-2019,West,Maharashtra,Ranjangaon,Tata,Nexon,Petrol,4,46.7,233.7,419,8.99,11241,1039375000,297915309,2019
TAT1410SD659,13-08-2019,South,Kerala,Pune,Tata,Tigor,Petrol,3,39.9,189.3,264.2,15.92,43112,578892000,144498064,2019
TAT1410SD660,17-08-2019,East,Odisha,Pune,Tata,Tiago EV,EV,0,152.2,451.5,760.8,9.58,37647,656785000,137108167,2019
TAT1410SD661,21-08-2019,North,Delhi,Pune,Tata,Nexon EV,EV,0,196.9,371.9,344,19.98,8692,1673438000,492970888,2019
TAT1410SD662,25-08-2019,South,Telangana,Ranjangaon,Tata,Tigor EV,EV,0,169.6,297.2,405,10.31,45536,956072000,302221242,2019
TAT1410SD663,29-08-2019,West,Gujarat,Pune,Tata,Tiago,Diesel,3,49.7,400.6,796.2,11.94,18323,617784000,206753267,2019
TAT1410SD664,02-09-2019,North,Rajasthan,Pune,Tata,Altroz,Petrol,4,52.2,499.3,687.8,6.85,33081,556100000,141845734,2019
TAT1410SD665,06-09-2019,South,Karnataka,Ranjangaon,Tata,Punch,Petrol,3,58.7,156.5,133.2,8.2,28382,187980746,2021,2019
TAT1410SD666,10-09-2019,East,Bihar,Pune,Tata,Harrier,Diesel,4,48.2,417.9,638.6,9.03,11542,855020000,224300100,2019
TAT1410SD667,14-09-2019,North,Jharkhand,Pune,Tata,Safari,Diesel,4,36.7,193,347.8,10.06,21607,1169810000,382685010,2019
TAT1410SD668,18-09-2019,West,Maharashtra,Ranjangaon,Tata,Nexon,Petrol,4,46.7,127.5,130.6,8.83,16641,1053125000,301822471,2019
TAT1410SD669,22-09-2019,South,Kerala,Pune,Tata,Tigor,Petrol,3,39.9,385.7,654.4,9.07,15262,585976000,146272504,2019
TAT1410SD670,26-09-2019,East,Odisha,Pune,Tata,Tiago EV,EV,0,152.2,231.8,174,19.83,17776,664970000,138818825,2019
TAT1410SD671,30-09-2019,North,Delhi,Pune,Tata,Nexon EV,EV,0,196.9,429.1,300.8,10.62,36821,1694484000,499172608,2019
TAT1410SD672,04-10-2019,South,Telangana,Ranjangaon,Tata,Tigor EV,EV,0,169.6,475.3,887,8.52,37050,968812000,306259020,2019
TAT1410SD673,08-10-2019,West,Gujarat,Pune,Tata,Tiago,Diesel,3,49.7,250.2,228.4,8.99,35331,625962000,209492218,2019
TAT1410SD674,12-10-2019,North,Rajasthan,Pune,Tata,Altroz,Petrol,4,52.2,219.6,248.6,14.95,28098,563165000,143662209,2019
TAT1410SD675,16-10-2019,South,Karnataka,Ranjangaon,Tata,Punch,Petrol,3,58.7,441.6,202.6,9.84,21395,641353000,190401662,2019
TAT1410SD676,20-10-2019,East,Bihar,Pune,Tata,Harrier,Diesel,4,48.2,405.4,583.6,7.26,24856,866055000,227190562,2019
TAT1410SD677,24-10-2019,North,Jharkhand,Pune,Tata,Safari,Diesel,4,36.7,138.4,91.4,13.81,17066,1184332000,387446585,2019
TAT1410SD678,28-10-2019,West,Maharashtra,Ranjangaon,Tata,Nexon,Petrol,4,46.7,52,86.4,18.9,43974,1066875000,305729112,2019
TAT1410SD679,01-11-2019,South,Kerala,Pune,Tata,Tigor,Petrol,3,39.9,57.7,99.8,7.99,49827,593060000,148046940,2019
TAT1410SD680,05-11-2019,East,Odisha,Pune,Tata,Tiago EV,EV,0,152.2,261.5,308.6,7.84,41612,673155000,140529487,2019
TAT1410SD681,09-11-2019,North,Delhi,Pune,Tata,Nexon EV,EV,0,196.9,481.5,926.4,13.78,29666,1715530000,505374320,2019
TAT1410SD682,13-11-2019,South,Telangana,Ranjangaon,Tata,Tigor EV,EV,0,169.6,349.8,410,15.46,25453,981552000,310296765,2019
TAT1410SD683,17-11-2019,West,Gujarat,Pune,Tata,Tiago,Diesel,3,49.7,336.8,368.2,7.46,6562,634140000,212231169,2019
TAT1410SD684,21-11-2019,North,Rajasthan,Pune,Tata,Altroz,Petrol,4,52.2,237.8,183,8.9,42995,570230000,145479674,2019
TAT1410SD685,25-11-2019,South,Karnataka,Ranjangaon,Tata,Punch,Petrol,3,58.7,225,147.2,8.14,27574,649446000,192812551,2019
TAT1410SD686,29-11-2019,East,Bihar,Pune,Tata,Harrier,Diesel,4,48.2,167.3,173.6,10.38,43951,877090000,230080214,2019
TAT1410SD687,03-12-2019,North,Jharkhand,Pune,Tata,Safari,Diesel,4,36.7,485.1,282.2,7.48,40297,1198854000,392208155,2019
TAT1410SD688,07-12-2019,West,Maharashtra,Ranjangaon,Tata,Nexon,Petrol,4,46.7,136.8,251.2,9.57,24085,1080625000,309635689,2019
TAT1410SD689,11-12-2019,South,Kerala,Pune,Tata,Tigor,Petrol,3,39.9,161.7,308.2,6.96,16962,600144000,149811372,2019
TAT1410SD690,15-12-2019,East,Odisha,Pune,Tata,Tiago EV,EV,0,152.2,354.8,707.4,18.95,47346,681340000,142240150,2019
TAT1410SD691,19-12-2019,North,Delhi,Pune,Tata,Nexon EV,EV,0,196.9,149.1,114.8,17.61,48548,1736576000,511576032,2019
TAT1410SD692,23-12-2019,South,Telangana,Ranjangaon,Tata,Tigor EV,EV,0,169.6,396.9,224,7.21,29069,994292000,314332353,2019
TAT1410SD693,27-12-2019,West,Gujarat,Pune,Tata,Tiago,Diesel,3,49.7,349.6,266.8,17.88,35679,642318000,214970114,2019
TAT1410SD694,31-12-2019,North,Rajasthan,Pune,Tata,Altroz,Petrol,4,52.2,414.7,201,14.58,19865,577300000,147297148,2019
TAT1410SD695,04-01-2020,South,Karnataka,Ranjangaon,Tata,Punch,Petrol,3,58.7,115.5,117.6,7.34,30054,657539000,195223439,2020
TAT1410SD696,08-01-2020,East,Bihar,Pune,Tata,Harrier,Diesel,4,48.2,436.6,695.4,11.5,23150,888125000,232969871,2020
TAT1410SD697,12-01-2020,North,Jharkhand,Pune,Tata,Safari,Diesel,4,36.7,250.8,215.8,7.2,34790,1213376000,396970104,2020
TAT1410SD698,16-01-2020,West,Maharashtra,Ranjangaon,Tata,Nexon,Petrol,4,46.7,143.6,181.4,8.59,44923,1094375000,313542267,2020
TAT1410SD699,20-01-2020,South,Kerala,Pune,Tata,Tigor,Petrol,3,39.9,318.4,256.8,7.96,9258,607228000,151575824,2020
TAT1410SD700,24-01-2020,East,Odisha,Pune,Tata,Tiago EV,EV,0,152.2,51.7,95,7.85,10892,689525000,143950825,2020
TAT1410SD701,28-01-2020,North,Delhi,Pune,Tata,Nexon EV,EV,0,196.9,195.8,364.4,8.48,14235,1757622000,517777744,2020
TAT1410SD702,01-02-2020,South,Telangana,Ranjangaon,Tata,Tigor EV,EV,0,169.6,91.8,88,8,43537,1007032000,318371360,2020
TAT1410SD703,05-02-2020,West,Gujarat,Pune,Tata,Tiago,Diesel,3,49.7,59,114,12.92,18889,650496000,217709066,2020
TAT1410SD704,09-02-2020,North,Rajasthan,Pune,Tata,Altroz,Petrol,4,52.2,94.7,182,7.29,7498,584365000,149114622,2020
TAT1410SD705,13-02-2020,South,Karnataka,Ranjangaon,Tata,Punch,Petrol,3,58.7,496.3,433.4,11.34,23242,665632000,197634328,2020
TAT1410SD706,17-02-2020,East,Bihar,Pune,Tata,Harrier,Diesel,4,48.2,392.9,582.4,12.47,17764,899160000,235859522,2020
TAT1410SD707,21-02-2020,North,Jharkhand,Pune,Tata,Safari,Diesel,4,36.7,347.6,514.6,7.35,48402,1227898000,401731671,2020
TAT1410SD708,25-02-2020,West,Maharashtra,Ranjangaon,Tata,Nexon,Petrol,4,46.7,90.7,102.2,13.6,6140,1108125000,317449445,2020
TAT1410SD709,29-02-2020,South,Kerala,Pune,Tata,Tigor,Petrol,3,39.9,257.9,185,16.64,36647,614312000,153340272,2020
TAT1410SD710,04-03-2020,East,Odisha,Pune,Tata,Tiago EV,EV,0,152.2,219,170.4,17.17,44942,697710000,145661500,2020
TAT1410SD711,08-03-2020,North,Delhi,Pune,Tata,Nexon EV,EV,0,196.9,287.9,441.2,12.16,44774,1778668000,523982928,2020
TAT1410SD712,12-03-2020,South,Telangana,Ranjangaon,Tata,Tigor EV,EV,0,169.6,359.6,249.6,12.77,9138,1019772000,322406949,2020
TAT1410SD713,16-03-2020,West,Gujarat,Pune,Tata,Tiago,Diesel,3,49.7,67.9,127.4,8.74,43528,658674000,220448018,2020
TAT1410SD714,20-03-2020,North,Rajasthan,Pune,Tata,Altroz,Petrol,4,52.2,469.3,249,6.36,45227,591430000,150932098,2020
TAT1410SD715,24-03-2020,South,Karnataka,Ranjangaon,Tata,Punch,Petrol,3,58.7,374.2,166,6.72,46400,673725000,200045217,2020
TAT1410SD716,28-03-2020,East,Bihar,Pune,Tata,Harrier,Diesel,4,48.2,168.5,311.6,18.23,10586,910200000,238749180,2020
TAT1410SD573,01-04-2020,West,Gujarat,Pune,Tata,Tiago,Diesel,3,49.7,237.8,128.4,7.6,49864,544182000,182042691,2020
TAT1410SD574,05-04-2020,North,Rajasthan,Pune,Tata,Altroz,Petrol,4,52.2,105.9,110,13.79,28257,492510000,125567478,2020
TAT1410SD575,09-04-2020,South,Karnataka,Ranjangaon,Tata,Punch,Petrol,3,58.7,257.6,386,11.23,46918,560428000,166282824,2020
TAT1410SD576,13-04-2020,East,Bihar,Pune,Tata,Harrier,Diesel,4,48.2,288,190.6,7.73,37427,755705000,198282987,2020
TAT1410SD577,17-04-2020,North,Jharkhand,Pune,Tata,Safari,Diesel,4,36.7,439.2,607.8,14.35,11684,1039106000,339830557,2020
TAT1410SD578,21-04-2020,West,Maharashtra,Ranjangaon,Tata,Nexon,Petrol,4,46.7,243.6,101.2,9.34,39018,929375000,266473614,2020
TAT1410SD579,25-04-2020,South,Kerala,Pune,Tata,Tigor,Petrol,3,39.9,151,263.2,18.93,39175,522212000,130377032,2020
TAT1410SD580,29-04-2020,East,Odisha,Pune,Tata,Tiago EV,EV,0,152.2,488.8,937,11.43,47151,591405000,123425625,2020
TAT1410SD581,03-05-2020,North,Delhi,Pune,Tata,Nexon EV,EV,0,196.9,208.4,129.6,18.64,15309,1505068000,443367120,2020
TAT1410SD582,07-05-2020,South,Telangana,Ranjangaon,Tata,Tigor EV,EV,0,169.6,405.9,588,6.96,23207,854152000,269984070,2020
TAT1410SD583,11-05-2020,West,Gujarat,Pune,Tata,Tiago,Diesel,3,49.7,490.4,439,9.6,44468,552360000,184781642,2020
TAT1410SD584,15-05-2020,North,Rajasthan,Pune,Tata,Altroz,Petrol,4,52.2,104.4,139.6,20.41,38149,499575000,127384998,2020
TAT1410SD585,19-05-2020,South,Karnataka,Ranjangaon,Tata,Punch,Petrol,3,58.7,169.2,146.4,13.17,30078,568516000,168693714,2020
TAT1410SD586,23-05-2020,East,Bihar,Pune,Tata,Harrier,Diesel,4,48.2,288.6,261.6,12.03,35415,766740000,201172640,2020
TAT1410SD587,27-05-2020,North,Jharkhand,Pune,Tata,Safari,Diesel,4,36.7,481.5,412.6,16.98,29492,1053628000,344592135,2020
TAT1410SD588,31-05-2020,West,Maharashtra,Ranjangaon,Tata,Nexon,Petrol,4,46.7,113.7,190.8,9.28,21925,943125000,270380192,2020
TAT1410SD589,04-06-2020,South,Kerala,Pune,Tata,Tigor,Petrol,3,39.9,484.8,612.6,19.31,16761,529304000,132141472,2020
TAT1410SD590,08-06-2020,East,Odisha,Pune,Tata,Tiago EV,EV,0,152.2,192.6,117.8,8.93,42390,599590000,125136300,2020
TAT1410SD591,12-06-2020,North,Delhi,Pune,Tata,Nexon EV,EV,0,196.9,158.5,89.6,8.91,5433,1526114000,449568856,2020
TAT1410SD592,16-06-2020,South,Telangana,Ranjangaon,Tata,Tigor EV,EV,0,169.6,353.2,154.2,10.46,40356,866892000,274005068,2020
TAT1410SD593,20-06-2020,West,Gujarat,Pune,Tata,Tiago,Diesel,3,49.7,112.7,154.6,14.66,29770,560538000,187520594,2020
TAT1410SD594,24-06-2020,North,Rajasthan,Pune,Tata,Altroz,Petrol,4,52.2,140.4,238.8,7.38,43655,506640000,129195958,2020
TAT1410SD595,28-06-2020,South,Karnataka,Ranjangaon,Tata,Punch,Petrol,3,58.7,58.2,80,14.65,33443,576609000,171104523,2020
TAT1410SD596,02-07-2020,East,Bihar,Pune,Tata,Harrier,Diesel,4,48.2,113.2,176.2,9.51,31605,777775000,204062366,2020
TAT1410SD597,06-07-2020,North,Jharkhand,Pune,Tata,Safari,Diesel,4,36.7,343.1,273,11.59,37207,1068150000,349354020,2020
TAT1410SD598,10-07-2020,West,Maharashtra,Ranjangaon,Tata,Nexon,Petrol,4,46.7,128.9,233,19.11,33663,956875000,274286770,2020
TAT1410SD599,14-07-2020,South,Kerala,Pune,Tata,Tigor,Petrol,3,39.9,462.9,854.2,8.54,22658,536388000,133905912,2020
TAT1410SD600,18-07-2020,East,Odisha,Pune,Tata,Tiago EV,EV,0,152.2,137,230.2,14.66,43287,607775000,126846975,2020
TAT1410SD601,22-07-2020,North,Delhi,Pune,Tata,Nexon EV,EV,0,196.9,355.7,470.6,18.87,25067,1547160000,455760600,2020
TAT1410SD602,26-07-2020,South,Telangana,Ranjangaon,Tata,Tigor EV,EV,0,169.6,145.2,213.4,8.14,39965,879632000,278030656,2020
TAT1410SD603,30-07-2020,West,Gujarat,Pune,Tata,Tiago,Diesel,3,49.7,235.5,242.8,16.6,7434,568716000,190259546,2020
TAT1410SD604,03-08-2020,North,Rajasthan,Pune,Tata,Altroz,Petrol,4,52.2,406.6,505,7.18,33448,513705000,130940918,2020
TAT1410SD605,07-08-2020,South,Karnataka,Ranjangaon,Tata,Punch,Petrol,3,58.7,104.7,118,11.3,8906,584702000,173515412,2020
TAT1410SD606,11-08-2020,East,Bihar,Pune,Tata,Harrier,Diesel,4,48.2,56.3,94.4,7.17,32521,788810000,206950344,2020
TAT1410SD607,15-08-2020,North,Jharkhand,Pune,Tata,Safari,Diesel,4,36.7,432.9,171.8,10.92,39673,1082672000,354115600,2020
TAT1410SD608,19-08-2020,West,Maharashtra,Ranjangaon,Tata,Nexon,Petrol,4,46.7,486.6,253.8,14.42,8474,970625000,278200148,2020
TAT1410SD609,23-08-2020,South,Kerala,Pune,Tata,Tigor,Petrol,3,39.9,445.4,176.2,16.81,21810,543472000,135655384,2020
TAT1410SD610,27-08-2020,East,Odisha,Pune,Tata,Tiago EV,EV,0,152.2,247.7,326.8,8.24,11888,615960000,128557650,2020
TAT1410SD611,31-08-2020,North,Delhi,Pune,Tata,Nexon EV,EV,0,196.9,421.2,477.8,6.54,35742,1568206000,461962312,2020
TAT1410SD612,04-09-2020,South,Telangana,Ranjangaon,Tata,Tigor EV,EV,0,169.6,228.3,152.6,8.05,14715,892372000,282054245,2020
TAT1410SD613,08-09-2020,West,Gujarat,Pune,Tata,Tiago,Diesel,3,49.7,466.1,685,14.9,37074,576894000,193028498,2020
TAT1410SD614,12-09-2020,North,Rajasthan,Pune,Tata,Altroz,Petrol,4,52.2,70.8,125.8,18.89,24766,520770000,132758385,2020
TAT1410SD615,16-09-2020,South,Karnataka,Ranjangaon,Tata,Punch,Petrol,3,58.7,171.1,120.4,10.98,40767,592795000,175926300,2020
TAT1410SD616,20-09-2020,East,Bihar,Pune,Tata,Harrier,Diesel,4,48.2,392.4,443.2,8.93,30688,799845000,209841804,2020
TAT1410SD617,24-09-2020,North,Jharkhand,Pune,Tata,Safari,Diesel,4,36.7,415.7,147.6,16.62,42850,1097200000,358877140,2020
TAT1410SD618,28-09-2020,West,Maharashtra,Ranjangaon,Tata,Nexon,Petrol,4,46.7,153.4,283.6,16.23,13566,984375000,282106726,2020
TAT1410SD619,02-10-2020,South,Kerala,Pune,Tata,Tigor,Petrol,3,39.9,245.3,401.4,8.74,49208,550556000,137420108,2020
TAT1410SD620,06-10-2020,East,Odisha,Pune,Tata,Tiago EV,EV,0,152.2,405.9,421.8,11.23,21217,624145000,130268325,2020
TAT1410SD621,10-10-2020,North,Delhi,Pune,Tata,Nexon EV,EV,0,196.9,224,95.2,10.52,38493,1589252000,468164024,2020
TAT1410SD622,14-10-2020,South,Telangana,Ranjangaon,Tata,Tigor EV,EV,0,169.6,207.5,308,12.4,16612,905112000,286082987,2020
TAT1410SD623,18-10-2020,West,Gujarat,Pune,Tata,Tiago,Diesel,3,49.7,242.8,450.2,11.14,43027,585072000,195797455,2020
TAT1410SD624,22-10-2020,North,Rajasthan,Pune,Tata,Altroz,Petrol,4,52.2,81.3,140.8,6.48,27352,527835000,134575850,2020
TAT1410SD625,26-10-2020,South,Karnataka,Ranjangaon,Tata,Punch,Petrol,3,58.7,333.9,518.8,18.77,14894,600888000,178337190,2020
TAT1410SD626,30-10-2020,East,Bihar,Pune,Tata,Harrier,Diesel,4,48.2,267.7,99.2,12.67,16118,810880000,212731464,2020
TAT1410SD627,03-11-2020,North,Jharkhand,Pune,Tata,Safari,Diesel,4,36.7,366.1,504.2,10.1,35018,1111722000,363638712,2020
TAT1410SD628,07-11-2020,West,Maharashtra,Ranjangaon,Tata,Nexon,Petrol,4,46.7,468.8,143.8,21.75,39680,998125000,286013304,2020
TAT1410SD629,11-11-2020,South,Kerala,Pune,Tata,Tigor,Petrol,3,39.9,98.8,197.4,12.44,20409,557640000,139194560,2020
TAT1410SD630,15-11-2020,East,Odisha,Pune,Tata,Tiago EV,EV,0,152.2,219.9,85,7.46,10530,632330000,131979000,2020
TAT1410SD631,19-11-2020,North,Delhi,Pune,Tata,Nexon EV,EV,0,196.9,153.3,303.2,17.42,15426,1610300000,474365752,2020
TAT1410SD632,23-11-2020,South,Telangana,Ranjangaon,Tata,Tigor EV,EV,0,169.6,426.1,776.4,7.65,37809,917852000,290111666,2020
TAT1410SD633,27-11-2020,West,Gujarat,Pune,Tata,Tiago,Diesel,3,49.7,259.3,499.6,8.64,30450,593250000,198536417,2020
TAT1410SD634,01-12-2020,North,Rajasthan,Pune,Tata,Altroz,Petrol,4,52.2,456.7,250.6,7.12,28013,534900000,136393320,2020
TAT1410SD635,05-12-2020,South,Karnataka,Ranjangaon,Tata,Punch,Petrol,3,58.7,91.7,117.4,12.78,36806,608981000,180748079,2020
TAT1410SD636,09-12-2020,East,Bihar,Pune,Tata,Harrier,Diesel,4,48.2,50.3,80.6,12.9,25851,821915000,215621128,2020
TAT1410SD637,13-12-2020,North,Jharkhand,Pune,Tata,Safari,Diesel,4,36.7,116,86.4,18.7,14187,1126244000,368400288,2020
TAT1410SD638,17-12-2020,West,Maharashtra,Ranjangaon,Tata,Nexon,Petrol,4,46.7,304.5,238.8,14.64,49248,1011875000,290005782,2020
TAT1410SD639,21-12-2020,South,Kerala,Pune,Tata,Tigor,Petrol,3,39.9,98.2,131,9.42,43776,564724000,140959080,2020
TAT1410SD640,25-12-2020,East,Odisha,Pune,Tata,Tiago EV,EV,0,152.2,343.4,488.6,19.92,6596,640515000,133690025,2020
TAT1410SD641,29-12-2020,North,Delhi,Pune,Tata,Nexon EV,EV,0,196.9,291,475.6,15.11,7535,1631346000,480567464,2020
TAT1410SD642,02-01-2021,South,Telangana,Ranjangaon,Tata,Tigor EV,EV,0,169.6,399.2,601,8.44,29965,930592000,294155180,2021
TAT1410SD643,06-01-2021,West,Gujarat,Pune,Tata,Tiago,Diesel,3,49.7,323.5,374.4,12.88,12900,601428000,201275369,2021
TAT1410SD644,10-01-2021,North,Rajasthan,Pune,Tata,Altroz,Petrol,4,52.2,319.6,618.6,21.18,30419,541965000,138210795,2021
TAT1410SD433,14-01-2021,West,Gujarat,Pune,Tata,Tiago,Diesel,3,49.7,379.8,655.4,13.75,18346,429794000,143692138,2021
TAT1410SD434,18-01-2021,North,Rajasthan,Pune,Tata,Altroz,Petrol,4,52.2,223,312.6,10.88,44308,393520000,100175534,2021
TAT1410SD435,22-01-2021,South,Karnataka,Ranjangaon,Tata,Punch,Petrol,3,58.7,272.8,545.4,9.65,21557,447126000,132536647,2021
TAT1410SD436,26-01-2021,East,Bihar,Pune,Tata,Harrier,Diesel,4,48.2,213,146.4,8.82,23779,601205000,157740710,2021
TAT1410SD437,30-01-2021,North,Jharkhand,Pune,Tata,Safari,Diesel,4,36.7,445.5,113.4,7.09,36573,835748000,273252723,2021
TAT1410SD438,03-02-2021,West,Maharashtra,Ranjangaon,Tata,Nexon,Petrol,4,46.7,54.5,100.8,10.68,38155,736875000,211779347,2021
TAT1410SD439,07-02-2021,South,Kerala,Pune,Tata,Tigor,Petrol,3,39.9,135.6,202,12.52,9468,423024000,105596772,2021
TAT1410SD440,11-02-2021,East,Odisha,Pune,Tata,Tiago EV,EV,0,152.2,297.9,466.2,8.38,11747,476815000,99464393,2021
TAT1410SD441,15-02-2021,North,Delhi,Pune,Tata,Nexon EV,EV,0,196.9,220.1,368.8,16.53,25184,1210420000,356546400,2021
TAT1410SD442,19-02-2021,South,Telangana,Ranjangaon,Tata,Tigor EV,EV,0,169.6,167.8,222,8.45,31069,675844000,213514828,2021
TAT1410SD443,23-02-2021,West,Gujarat,Pune,Tata,Tiago,Diesel,3,49.7,415.9,241.2,9.85,31981,437972000,146431189,2021
TAT1410SD444,27-02-2021,North,Rajasthan,Pune,Tata,Altroz,Petrol,4,52.2,68.1,83.4,6.73,14246,400590000,101952874,2021
TAT1410SD445,03-03-2021,South,Karnataka,Ranjangaon,Tata,Punch,Petrol,3,58.7,410.8,456.6,10.99,6165,455219000,134947594,2021
TAT1410SD446,07-03-2021,East,Bihar,Pune,Tata,Harrier,Diesel,4,48.2,178.1,117,12.08,10120,612240000,160630366,2021
TAT1410SD447,11-03-2021,North,Jharkhand,Pune,Tata,Safari,Diesel,4,36.7,453.2,770,7.37,13594,850270000,278014299,2021
TAT1410SD448,15-03-2021,West,Maharashtra,Ranjangaon,Tata,Nexon,Petrol,4,46.7,214.6,128.4,9.11,20243,750625000,215686367,2021
TAT1410SD449,19-03-2021,South,Kerala,Pune,Tata,Tigor,Petrol,3,39.9,438.5,811.4,7.11,5104,430108000,107361208,2021
TAT1410SD450,23-03-2021,East,Odisha,Pune,Tata,Tiago EV,EV,0,152.2,393.5,218,13.26,33459,485000000,101175000,2021
TAT1410SD451,27-03-2021,North,Delhi,Pune,Tata,Nexon EV,EV,0,196.9,444.9,346.4,9.28,42316,1231466000,362748112,2021
TAT1410SD452,31-03-2021,South,Telangana,Ranjangaon,Tata,Tigor EV,EV,0,169.6,495.2,96.2,9.98,38966,688584000,217540416,2021
TAT1410SD453,04-04-2021,West,Gujarat,Pune,Tata,Tiago,Diesel,3,49.7,476.7,832.2,18.95,23138,446150000,149170139,2021
TAT1410SD454,08-04-2021,North,Rajasthan,Pune,Tata,Altroz,Petrol,4,52.2,440.9,651.2,7.37,9375,407655000,103769974,2021
TAT1410SD455,12-04-2021,South,Karnataka,Ranjangaon,Tata,Punch,Petrol,3,58.7,79.3,147.2,7.73,17889,463312000,137358451,2021
TAT1410SD456,16-04-2021,East,Bihar,Pune,Tata,Harrier,Diesel,4,48.2,302,572.6,19.6,18251,623275000,163519129,2021
TAT1410SD457,20-04-2021,North,Jharkhand,Pune,Tata,Safari,Diesel,4,36.7,341.2,576.2,19.73,25591,864802000,282775791,2021
TAT1410SD458,24-04-2021,West,Maharashtra,Ranjangaon,Tata,Nexon,Petrol,4,46.7,135.2,269.8,11.98,39827,764375000,219593504,2021
TAT1410SD459,28-04-2021,South,Kerala,Pune,Tata,Tigor,Petrol,3,39.9,68.8,132.4,18.1,7305,437192000,109125672,2021
TAT1410SD460,02-05-2021,East,Odisha,Pune,Tata,Tiago EV,EV,0,152.2,368.1,567.4,13.16,46640,493185000,102875667,2021
TAT1410SD461,06-05-2021,North,Delhi,Pune,Tata,Nexon EV,EV,0,196.9,115.2,198.6,11.2,21217,1252512000,368949824,2021
TAT1410SD462,10-05-2021,South,Telangana,Ranjangaon,Tata,Tigor EV,EV,0,169.6,364.6,509.4,20.8,6262,701324000,221566008,2021
TAT1410SD463,14-05-2021,West,Gujarat,Pune,Tata,Tiago,Diesel,3,49.7,140.6,218,21.81,25837,454328000,151897441,2021
TAT1410SD464,18-05-2021,North,Rajasthan,Pune,Tata,Altroz,Petrol,4,52.2,107.7,147,7.25,37669,414720000,105586619,2021
TAT1410SD465,22-05-2021,South,Karnataka,Ranjangaon,Tata,Punch,Petrol,3,58.7,481.1,356.8,6.72,10795,471405000,139769399,2021
TAT1410SD466,26-05-2021,East,Bihar,Pune,Tata,Harrier,Diesel,4,48.2,249.3,433,11.27,19969,634310000,166408901,2021
TAT1410SD467,30-05-2021,North,Jharkhand,Pune,Tata,Safari,Diesel,4,36.7,448.2,820.8,18.56,9153,879324000,287537367,2021
TAT1410SD468,03-06-2021,West,Maharashtra,Ranjangaon,Tata,Nexon,Petrol,4,46.7,474.5,384,13.52,5371,778125000,223450679,2021
TAT1410SD469,07-06-2021,South,Kerala,Pune,Tata,Tigor,Petrol,3,39.9,308.6,514.8,8.37,32692,444276000,110890138,2021
TAT1410SD470,11-06-2021,East,Odisha,Pune,Tata,Tiago EV,EV,0,152.2,186.9,128.4,14.3,13528,501370000,104586338,2021
TAT1410SD471,15-06-2021,North,Delhi,Pune,Tata,Nexon EV,EV,0,196.9,269.3,90.2,11.19,25246,1273558000,375151536,2021
TAT1410SD472,19-06-2021,South,Telangana,Ranjangaon,Tata,Tigor EV,EV,0,169.6,367.9,493.6,8.52,13908,714064000,225591596,2021
TAT1410SD473,23-06-2021,West,Gujarat,Pune,Tata,Tiago,Diesel,3,49.7,51.6,85.6,9.84,24878,462506000,154636443,2021
TAT1410SD474,27-06-2021,North,Rajasthan,Pune,Tata,Altroz,Petrol,4,52.2,120.2,192.8,7.35,39130,421785000,107403759,2021
TAT1410SD475,01-07-2021,South,Karnataka,Ranjangaon,Tata,Punch,Petrol,3,58.7,372.7,656.2,7.48,27275,479498000,142180251,2021
TAT1410SD476,05-07-2021,East,Bihar,Pune,Tata,Harrier,Diesel,4,48.2,270.9,402,6.68,28890,645345000,169302821,2021
TAT1410SD477,09-07-2021,North,Jharkhand,Pune,Tata,Safari,Diesel,4,36.7,163.9,189.2,8.51,10370,893846000,292298943,2021
TAT1410SD478,13-07-2021,West,Maharashtra,Ranjangaon,Tata,Nexon,Petrol,4,46.7,115.5,225.4,13.04,49882,791875000,227357805,2021
TAT1410SD479,17-07-2021,South,Kerala,Pune,Tata,Tigor,Petrol,3,39.9,259,310.2,18.83,41194,451360000,112654560,2021
TAT1410SD480,21-07-2021,East,Odisha,Pune,Tata,Tiago EV,EV,0,152.2,271.1,179.2,8.81,19476,509555000,106296900,2021
TAT1410SD481,25-07-2021,North,Delhi,Pune,Tata,Nexon EV,EV,0,196.9,129.1,131.8,10.25,43667,1294604000,381353248,2021
TAT1410SD482,29-07-2021,South,Telangana,Ranjangaon,Tata,Tigor EV,EV,0,169.6,325.9,385,8.14,49463,726792000,229618580,2021
TAT1410SD483,02-08-2021,West,Gujarat,Pune,Tata,Tiago,Diesel,3,49.7,483.7,244,7.92,31779,470684000,157375494,2021
TAT1410SD484,06-08-2021,North,Rajasthan,Pune,Tata,Altroz,Petrol,4,52.2,392.7,596,6.85,17488,428850000,109210850,2021
TAT1410SD485,10-08-2021,South,Karnataka,Ranjangaon,Tata,Punch,Petrol,3,58.7,377.9,160,9.19,23932,487591000,144591142,2021
TAT1410SD486,14-08-2021,East,Bihar,Pune,Tata,Harrier,Diesel,4,48.2,291.9,385.4,9.01,6857,656380000,172202685,2021
TAT1410SD487,18-08-2021,North,Jharkhand,Pune,Tata,Safari,Diesel,4,36.7,189.1,231,7.56,49400,908368000,297060520,2021
TAT1410SD488,22-08-2021,West,Maharashtra,Ranjangaon,Tata,Nexon,Petrol,4,46.7,280.9,107.2,6.66,46881,805625000,231278161,2021
TAT1410SD489,26-08-2021,South,Kerala,Pune,Tata,Tigor,Petrol,3,39.9,448.3,131,6.94,21277,458444000,114429016,2021
TAT1410SD490,30-08-2021,East,Odisha,Pune,Tata,Tiago EV,EV,0,152.2,312.8,138,13.04,22397,517740000,107994825,2021
TAT1410SD491,03-09-2021,North,Delhi,Pune,Tata,Nexon EV,EV,0,196.9,464.7,121.2,9.31,25342,1315650000,387555600,2021
TAT1410SD492,07-09-2021,South,Telangana,Ranjangaon,Tata,Tigor EV,EV,0,169.6,496.3,543.2,11.58,43164,739532000,233644167,2021
TAT1410SD493,11-09-2021,West,Gujarat,Pune,Tata,Tiago,Diesel,3,49.7,302.4,504,12.58,13951,478862000,160085445,2021
TAT1410SD494,15-09-2021,North,Rajasthan,Pune,Tata,Altroz,Petrol,4,52.2,404.5,458.6,6.81,17875,435920000,111028320,2021
TAT1410SD495,19-09-2021,South,Karnataka,Ranjangaon,Tata,Punch,Petrol,3,58.7,323.7,434.2,7.55,14593,495684000,146995655,2021
TAT1410SD496,23-09-2021,East,Bihar,Pune,Tata,Harrier,Diesel,4,48.2,217.2,226.4,21.13,45562,667415000,175102341,2021
TAT1410SD497,27-09-2021,North,Jharkhand,Pune,Tata,Safari,Diesel,4,36.7,113,207.6,19.55,21324,922890000,301822108,2021
TAT1410SD498,01-10-2021,West,Maharashtra,Ranjangaon,Tata,Nexon,Petrol,4,46.7,54.7,84,18.94,23153,819375000,235218520,2021
TAT1410SD499,05-10-2021,South,Kerala,Pune,Tata,Tigor,Petrol,3,39.9,106.1,179.6,8.59,19690,465528000,116193456,2021
TAT1410SD500,09-10-2021,East,Odisha,Pune,Tata,Tiago EV,EV,0,152.2,406,497.2,16.83,43221,525925000,109726893,2021
TAT1410SD501,13-10-2021,North,Delhi,Pune,Tata,Nexon EV,EV,0,196.9,257.5,118.8,8.22,49507,1336700000,393752800,2021
TAT1410SD502,17-10-2021,South,Telangana,Ranjangaon,Tata,Tigor EV,EV,0,169.6,60.1,100.2,9.93,45491,752272000,237672251,2021
TAT1410SD503,21-10-2021,West,Gujarat,Pune,Tata,Tiago,Diesel,3,49.7,210.8,240.6,10.75,23190,487040000,162824388,2021
TAT1410SD504,25-10-2021,North,Rajasthan,Pune,Tata,Altroz,Petrol,4,52.2,93,83.2,6.8,21414,443055000,112845669,2021
TAT1410SD505,29-10-2021,South,Karnataka,Ranjangaon,Tata,Punch,Petrol,3,58.7,176.8,115.8,15.86,14113,503777000,149406560,2021
TAT1410SD506,02-11-2021,East,Bihar,Pune,Tata,Harrier,Diesel,4,48.2,364.7,180.4,7.94,48913,678450000,178002000,2021
TAT1410SD507,06-11-2021,North,Jharkhand,Pune,Tata,Safari,Diesel,4,36.7,268.1,368,10.25,19938,937412000,306583685,2021
TAT1410SD508,10-11-2021,West,Maharashtra,Ranjangaon,Tata,Nexon,Petrol,4,46.7,299.6,292.4,9.08,41495,833125000,239126300,2021
TAT1410SD509,14-11-2021,South,Kerala,Pune,Tata,Tigor,Petrol,3,39.9,495.3,790,9.47,17325,472612000,117968504,2021
TAT1410SD510,18-11-2021,East,Odisha,Pune,Tata,Tiago EV,EV,0,152.2,435.8,323.6,8.98,16280,534110000,111437562,2021
TAT1410SD511,22-11-2021,North,Delhi,Pune,Tata,Nexon EV,EV,0,196.9,108.1,180.8,6.86,26993,1357746000,399954512,2021
TAT1410SD512,26-11-2021,South,Telangana,Ranjangaon,Tata,Tigor EV,EV,0,169.6,334.3,615.6,12.27,20167,764972000,241703666,2021
TAT1410SD513,30-11-2021,West,Gujarat,Pune,Tata,Tiago,Diesel,3,49.7,299.1,369,21.39,34493,495218000,165563391,2021
TAT1410SD514,04-12-2021,North,Rajasthan,Pune,Tata,Altroz,Petrol,4,52.2,189.3,199.6,6.65,33962,450120000,114663144,2021
TAT1410SD515,08-12-2021,South,Karnataka,Ranjangaon,Tata,Punch,Petrol,3,58.7,258.5,262,7.59,45165,511870000,151817450,2021
TAT1410SD516,12-12-2021,East,Bihar,Pune,Tata,Harrier,Diesel,4,48.2,210,591.6,12.51,28428,689485000,180901689,2021
TAT1410SD517,16-12-2021,North,Jharkhand,Pune,Tata,Safari,Diesel,4,36.7,225,629,17.46,13844,951934000,311345262,2021
TAT1410SD518,20-12-2021,West,Maharashtra,Ranjangaon,Tata,Nexon,Petrol,4,46.7,243,680,15.47,35373,846875000,243033509,2021
TAT1410SD519,24-12-2021,South,Kerala,Pune,Tata,Tigor,Petrol,3,39.9,237,666.4,9.2,45657,479708000,119743548,2021
TAT1410SD520,28-12-2021,East,Odisha,Pune,Tata,Tiago EV,EV,0,152.2,231,649.4,7.27,5435,542295000,113148225,2021
TAT1410SD521,01-01-2022,North,Delhi,Pune,Tata,Nexon EV,EV,0,196.9,219,615.4,9.76,18590,1378792000,406156240,2022
TAT1410SD522,05-01-2022,South,Telangana,Ranjangaon,Tata,Tigor EV,EV,0,169.6,213,598.4,7.81,7195,777712000,245749257,2022
TAT1410SD523,09-01-2022,West,Gujarat,Pune,Tata,Tiago,Diesel,3,49.7,228,637.5,6.54,20462,503396000,168302322,2022
TAT1410SD524,13-01-2022,North,Rajasthan,Pune,Tata,Altroz,Petrol,4,52.2,246,688.5,18.97,39001,457185000,116480601,2022
TAT1410SD525,17-01-2022,South,Karnataka,Ranjangaon,Tata,Punch,Petrol,3,58.7,240,676.6,12.18,11373,519963000,154228340,2022
TAT1410SD526,21-01-2022,East,Bihar,Pune,Tata,Harrier,Diesel,4,48.2,234,659.6,6.61,16703,700520000,183801344,2022
TAT1410SD527,25-01-2022,North,Jharkhand,Pune,Tata,Safari,Diesel,4,36.7,222,625.6,12.68,49644,966456000,316106839,2022
TAT1410SD528,29-01-2022,West,Maharashtra,Ranjangaon,Tata,Nexon,Petrol,4,46.7,216,608.6,10.97,47108,860625000,246940688,2022
TAT1410SD529,02-02-2022,South,Kerala,Pune,Tata,Tigor,Petrol,3,39.9,231,646,16.62,48861,486792000,121518596,2022
TAT1410SD530,06-02-2022,East,Odisha,Pune,Tata,Tiago EV,EV,0,152.2,249,697,6.67,30656,550480000,114858900,2022
TAT1410SD531,10-02-2022,North,Delhi,Pune,Tata,Nexon EV,EV,0,196.9,243,683.4,7.3,27537,1399838000,412358000,2022
TAT1410SD532,14-02-2022,South,Telangana,Ranjangaon,Tata,Tigor EV,EV,0,169.6,237,666.4,12.78,16439,790452000,249794845,2022
TAT1410SD533,18-02-2022,West,Gujarat,Pune,Tata,Tiago,Diesel,3,49.7,225,632.4,13.26,41839,511574000,171041264,2022
TAT1410SD534,22-02-2022,North,Rajasthan,Pune,Tata,Altroz,Petrol,4,52.2,219,615.4,12.04,45461,464250000,118298084,2022
TAT1410SD535,26-02-2022,South,Karnataka,Ranjangaon,Tata,Punch,Petrol,3,58.7,234,654.5,21.99,20284,528056000,156639207,2022
TAT1410SD536,02-03-2022,East,Bihar,Pune,Tata,Harrier,Diesel,4,48.2,252,705.5,7.64,34006,711555000,186701008,2022
TAT1410SD537,06-03-2022,North,Jharkhand,Pune,Tata,Safari,Diesel,4,36.7,246,693.6,12.21,6259,981018000,320868412,2022
TAT1410SD538,10-03-2022,West,Maharashtra,Ranjangaon,Tata,Nexon,Petrol,4,46.7,240,676.6,12.11,47820,874375000,250847266,2022
TAT1410SD539,14-03-2022,South,Kerala,Pune,Tata,Tigor,Petrol,3,39.9,228,642.6,7.81,17723,493876000,123282292,2022
TAT1410SD540,18-03-2022,East,Odisha,Pune,Tata,Tiago EV,EV,0,152.2,222,625.6,6.76,19649,558665000,116569562,2022
TAT1410SD541,22-03-2022,North,Delhi,Pune,Tata,Nexon EV,EV,0,196.9,237,663,10.07,40626,1420884000,418560192,2022
TAT1410SD542,26-03-2022,South,Telangana,Ranjangaon,Tata,Tigor EV,EV,0,169.6,255,714,6.79,34862,803192000,253841198,2022
TAT1410SD543,30-03-2022,West,Gujarat,Pune,Tata,Tiago,Diesel,3,49.7,249,700.4,8.92,16674,519752000,173825838,2022
TAT1410SD544,03-04-2022,North,Rajasthan,Pune,Tata,Altroz,Petrol,4,52.2,243,683.4,9.08,6907,471315000,120115559,2022
TAT1410SD545,07-04-2022,South,Karnataka,Ranjangaon,Tata,Punch,Petrol,3,58.7,231,649.4,7.38,12614,536149000,159050116,2022
TAT1410SD546,11-04-2022,East,Bihar,Pune,Tata,Harrier,Diesel,4,48.2,225,632.4,10.79,12116,722590000,189600667,2022
TAT1410SD547,15-04-2022,North,Jharkhand,Pune,Tata,Safari,Diesel,4,36.7,240,671.5,13.51,34313,995540000,325595995,2022
TAT1410SD548,19-04-2022,West,Maharashtra,Ranjangaon,Tata,Nexon,Petrol,4,46.7,258,722.5,17.24,40701,888125000,254753880,2022
TAT1410SD549,23-04-2022,South,Kerala,Pune,Tata,Tigor,Petrol,3,39.9,252,710.6,7.77,36831,500960000,125043648,2022
TAT1410SD550,27-04-2022,East,Odisha,Pune,Tata,Tiago EV,EV,0,152.2,246,693.6,8.57,49595,566850000,118280625,2022
TAT1410SD551,01-05-2022,North,Delhi,Pune,Tata,Nexon EV,EV,0,196.9,234,659.6,7.32,9589,1441930000,424761960,2022
TAT1410SD552,05-05-2022,South,Telangana,Ranjangaon,Tata,Tigor EV,EV,0,169.6,228,642.6,21.1,43520,815932000,257887309,2022
TAT1410SD553,09-05-2022,West,Gujarat,Pune,Tata,Tiago,Diesel,3,49.7,243,680,6.21,38740,527926000,176564789,2022
TAT1410SD554,13-05-2022,North,Rajasthan,Pune,Tata,Altroz,Petrol,4,52.2,261,731,11.3,45693,478380000,121932402,2022
TAT1410SD555,17-05-2022,South,Karnataka,Ranjangaon,Tata,Punch,Petrol,3,58.7,255,717.4,7.11,27619,544242000,161461045,2022
TAT1410SD556,21-05-2022,East,Bihar,Pune,Tata,Harrier,Diesel,4,48.2,249,700.4,12.67,7570,733625000,192490325,2022
TAT1410SD557,25-05-2022,North,Jharkhand,Pune,Tata,Safari,Diesel,4,36.7,237,666.4,17.99,13482,1010062000,330357572,2022
TAT1410SD558,29-05-2022,West,Maharashtra,Ranjangaon,Tata,Nexon,Petrol,4,46.7,231,649.4,7.58,34185,901875000,258660458,2022
TAT1410SD559,02-06-2022,South,Kerala,Pune,Tata,Tigor,Petrol,3,39.9,246,688.5,8.98,5490,508044000,126848128,2022
TAT1410SD560,06-06-2022,East,Odisha,Pune,Tata,Tiago EV,EV,0,152.2,264,739.5,9.11,17510,575035000,120004275,2022
TAT1410SD561,10-06-2022,North,Delhi,Pune,Tata,Nexon EV,EV,0,196.9,258,727.6,8.19,16514,1462976000,430963696,2022
TAT1410SD562,14-06-2022,South,Telangana,Ranjangaon,Tata,Tigor EV,EV,0,169.6,252,710.6,7.38,16957,828672000,261912895,2022
TAT1410SD563,18-06-2022,West,Gujarat,Pune,Tata,Tiago,Diesel,3,49.7,240,676.6,9.19,26672,536004000,179303741,2022
TAT1410SD564,22-06-2022,North,Rajasthan,Pune,Tata,Altroz,Petrol,4,52.2,234,659.6,8.46,17505,485445000,123749877,2022
TAT1410SD565,26-06-2022,South,Karnataka,Ranjangaon,Tata,Punch,Petrol,3,58.7,249,697,7.43,27662,552335000,163871934,2022
TAT1410SD566,30-06-2022,East,Bihar,Pune,Tata,Harrier,Diesel,4,48.2,267,748,7.31,31185,744660000,195388050,2022
TAT1410SD567,04-07-2022,North,Jharkhand,Pune,Tata,Safari,Diesel,4,36.7,261,734.4,21.84,29099,1024584000,335067980,2022
TAT1410SD568,08-07-2022,West,Maharashtra,Ranjangaon,Tata,Nexon,Petrol,4,46.7,255,717.4,16.19,13444,915625000,262567036,2022
TAT1410SD569,12-07-2022,South,Kerala,Pune,Tata,Tigor,Petrol,3,39.9,243,683.4,18.01,17915,515128000,128612560,2022
TAT1410SD570,16-07-2022,East,Odisha,Pune,Tata,Tiago EV,EV,0,152.2,237,666.4,11.65,20889,583220000,121714950,2022
TAT1410SD571,20-07-2022,North,Delhi,Pune,Tata,Nexon EV,EV,0,196.9,252,705.5,14.52,24296,1484022000,437165400,2022
TAT1410SD572,24-07-2022,South,Telangana,Ranjangaon,Tata,Tigor EV,EV,0,169.6,270,756.5,12.15,16522,841412000,265958483,2022
TAT1410SD289,28-07-2022,South,Kerala,Pune,Tata,Tigor,Petrol,3,39.9,264,744.6,6.74,49718,316876000,79069796,2022
TAT1410SD290,01-08-2022,East,Odisha,Pune,Tata,Tiago EV,EV,0,152.2,258,727.6,10.06,36911,354030000,73812562,2022
TAT1410SD291,05-08-2022,North,Delhi,Pune,Tata,Nexon EV,EV,0,196.9,246,693.6,7.36,24239,894742000,263524672,2022
TAT1410SD292,09-08-2022,South,Telangana,Ranjangaon,Tata,Tigor EV,EV,0,169.6,240,676.6,18.23,46889,484784000,153205098,2022
TAT1410SD293,13-08-2022,West,Gujarat,Pune,Tata,Tiago,Diesel,3,49.7,255,714,9.16,46989,315324000,105388755,2022
TAT1410SD294,17-08-2022,North,Rajasthan,Pune,Tata,Altroz,Petrol,4,52.2,273,765,11.47,44587,294620000,74950212,2022
TAT1410SD295,21-08-2022,South,Karnataka,Ranjangaon,Tata,Punch,Petrol,3,58.7,267,751.4,11.23,13671,333824000,98794828,2022
TAT1410SD296,25-08-2022,East,Bihar,Pune,Tata,Harrier,Diesel,4,48.2,261,734.4,21.67,7325,446905000,117256093,2022
TAT1410SD297,29-08-2022,North,Jharkhand,Pune,Tata,Safari,Diesel,4,36.7,249,700.4,15.87,48087,632440000,206592200,2022
TAT1410SD298,02-09-2022,West,Maharashtra,Ranjangaon,Tata,Nexon,Petrol,4,46.7,243,683.4,19.05,40480,544375000,156809547,2022
TAT1410SD299,06-09-2022,South,Kerala,Pune,Tata,Tigor,Petrol,3,39.9,258,722.5,8.79,30379,323952000,80835400,2022
TAT1410SD300,10-09-2022,East,Odisha,Pune,Tata,Tiago EV,EV,0,152.2,276,773.5,8.28,39906,362225000,75512222,2022
TAT1410SD301,14-09-2022,North,Delhi,Pune,Tata,Nexon EV,EV,0,196.9,270,761.6,9.77,18236,915788000,269726368,2022
TAT1410SD302,18-09-2022,South,Telangana,Ranjangaon,Tata,Tigor EV,EV,0,169.6,264,744.6,18.29,7055,497524000,157230686,2022
TAT1410SD303,22-09-2022,West,Gujarat,Pune,Tata,Tiago,Diesel,3,49.7,252,710.6,14.67,41398,323490000,108169979,2022
TAT1410SD304,26-09-2022,North,Rajasthan,Pune,Tata,Altroz,Petrol,4,52.2,246,693.6,8.48,25022,301685000,76729524,2022
TAT1410SD305,30-09-2022,South,Karnataka,Ranjangaon,Tata,Punch,Petrol,3,58.7,261,731,10.95,40388,341917000,101205096,2022
TAT1410SD306,04-10-2022,East,Bihar,Pune,Tata,Harrier,Diesel,4,48.2,279,782,7.79,34604,457940000,120145749,2022
TAT1410SD307,08-10-2022,North,Jharkhand,Pune,Tata,Safari,Diesel,4,36.7,273,768.4,15.86,8391,646962000,211353775,2022
TAT1410SD308,12-10-2022,West,Maharashtra,Ranjangaon,Tata,Nexon,Petrol,4,46.7,267,751.4,10.41,20130,558125000,160716184,2022
TAT1410SD309,16-10-2022,South,Kerala,Pune,Tata,Tigor,Petrol,3,39.9,255,717.4,7.95,44090,331038000,82598808,2022
TAT1410SD310,20-10-2022,East,Odisha,Pune,Tata,Tiago EV,EV,0,152.2,249,700.4,8.74,34454,370410000,77202562,2022
TAT1410SD311,24-10-2022,North,Delhi,Pune,Tata,Nexon EV,EV,0,196.9,264,739.5,7.42,8570,936834000,275928096,2022
TAT1410SD312,28-10-2022,South,Telangana,Ranjangaon,Tata,Tigor EV,EV,0,169.6,282,790.5,9.17,6858,510264000,161246274,2022
TAT1410SD313,01-11-2022,West,Gujarat,Pune,Tata,Tiago,Diesel,3,49.7,276,778.6,11.1,6542,331668000,110892015,2022
TAT1410SD314,05-11-2022,North,Rajasthan,Pune,Tata,Altroz,Petrol,4,52.2,270,761.6,12.86,49948,308750000,78546875,2022
TAT1410SD315,09-11-2022,South,Karnataka,Ranjangaon,Tata,Punch,Petrol,3,58.7,258,727.6,6.03,42154,350010000,103615967,2022
TAT1410SD316,13-11-2022,East,Bihar,Pune,Tata,Harrier,Diesel,4,48.2,252,710.6,10.98,7127,468975000,123035306,2022
TAT1410SD317,17-11-2022,North,Jharkhand,Pune,Tata,Safari,Diesel,4,36.7,267,748,21.44,41104,661484000,216115350,2022
TAT1410SD318,21-11-2022,West,Maharashtra,Ranjangaon,Tata,Nexon,Petrol,4,46.7,285,799,9.81,43304,571875000,164622767,2022
TAT1410SD319,25-11-2022,South,Kerala,Pune,Tata,Tigor,Petrol,3,39.9,279,785.4,8.4,40472,338120000,84362240,2022
TAT1410SD320,29-11-2022,East,Odisha,Pune,Tata,Tiago EV,EV,0,152.2,273,768.4,6.57,46907,378595000,78912893,2022
TAT1410SD321,03-12-2022,North,Delhi,Pune,Tata,Nexon EV,EV,0,196.9,261,734.4,16.36,41520,957880000,282126200,2022
TAT1410SD322,07-12-2022,South,Telangana,Ranjangaon,Tata,Tigor EV,EV,0,169.6,255,717.4,8.35,20269,522960000,165271860,2022
TAT1410SD323,11-12-2022,West,Gujarat,Pune,Tata,Tiago,Diesel,3,49.7,112.5,148.3333333,7.16,26434,339846000,113614050,2022
TAT1410SD324,15-12-2022,North,Rajasthan,Pune,Tata,Altroz,Petrol,4,52.2,120,158.3333333,13.13,21914,315815000,80354145,2022
TAT1410SD325,19-12-2022,South,Karnataka,Ranjangaon,Tata,Punch,Petrol,3,58.7,117.5,156,10,11820,358103000,106026815,2022
TAT1410SD326,23-12-2022,East,Bihar,Pune,Tata,Harrier,Diesel,4,48.2,115,152.6666667,8.45,5767,479990000,125925000,2022
TAT1410SD327,27-12-2022,North,Jharkhand,Pune,Tata,Safari,Diesel,4,36.7,110,146,8.82,41852,676006000,220876925,2022
TAT1410SD328,31-12-2022,West,Maharashtra,Ranjangaon,Tata,Nexon,Petrol,4,46.7,107.5,142.6666667,7.9,31074,585625000,168531121,2022
TAT1410SD329,04-01-2023,South,Kerala,Pune,Tata,Tigor,Petrol,3,39.9,113.75,150,7.77,41613,345204000,86134768,2023
TAT1410SD330,08-01-2023,East,Odisha,Pune,Tata,Tiago EV,EV,0,152.2,121.25,160,21.23,15384,386780000,80623225,2023
TAT1410SD331,12-01-2023,North,Delhi,Pune,Tata,Nexon EV,EV,0,196.9,118.75,157.3333333,7.98,18737,978926000,288327912,2023
TAT1410SD332,16-01-2023,South,Telangana,Ranjangaon,Tata,Tigor EV,EV,0,169.6,116.25,154,10.34,35604,535704000,169297448,2023
TAT1410SD333,20-01-2023,West,Gujarat,Pune,Tata,Tiago,Diesel,3,49.7,111.25,147.3333333,16.97,26692,348024000,116362536,2023
TAT1410SD334,24-01-2023,North,Rajasthan,Pune,Tata,Altroz,Petrol,4,52.2,108.75,144,6.88,8280,322880000,82159016,2023
TAT1410SD335,28-01-2023,South,Karnataka,Ranjangaon,Tata,Punch,Petrol,3,58.7,115,151.6666667,7.58,20872,366196000,108437701,2023
TAT1410SD336,01-02-2023,East,Bihar,Pune,Tata,Harrier,Diesel,4,48.2,122.5,161.6666667,13.99,27708,490985000,128814546,2023
TAT1410SD337,05-02-2023,North,Jharkhand,Pune,Tata,Safari,Diesel,4,36.7,120,159.3333333,20.18,11444,690528000,225638490,2023
TAT1410SD338,09-02-2023,West,Maharashtra,Ranjangaon,Tata,Nexon,Petrol,4,46.7,117.5,156,11.34,37527,599375000,172437694,2023
TAT1410SD339,13-02-2023,South,Kerala,Pune,Tata,Tigor,Petrol,3,39.9,112.5,149.3333333,10.13,28881,352288000,87900130,2023
TAT1410SD340,17-02-2023,East,Odisha,Pune,Tata,Tiago EV,EV,0,152.2,110,146,20.5,49714,394965000,82333550,2023
TAT1410SD341,21-02-2023,North,Delhi,Pune,Tata,Nexon EV,EV,0,196.9,116.25,153.3333333,18.63,17582,999972000,294529504,2023
TAT1410SD342,25-02-2023,South,Telangana,Ranjangaon,Tata,Tigor EV,EV,0,169.6,123.75,163.3333333,8.68,15710,548442000,173322474,2023
TAT1410SD343,01-03-2023,West,Gujarat,Pune,Tata,Tiago,Diesel,3,49.7,121.25,160.6666667,12.44,30199,356202000,119102462,2023
TAT1410SD344,05-03-2023,North,Rajasthan,Pune,Tata,Altroz,Petrol,4,52.2,118.75,157.3333333,14.14,36343,329945000,83968652,2023
TAT1410SD345,09-03-2023,South,Karnataka,Ranjangaon,Tata,Punch,Petrol,3,58.7,113.75,150.6666667,8.26,21355,374289000,110848520,2023
TAT1410SD346,13-03-2023,East,Bihar,Pune,Tata,Harrier,Diesel,4,48.2,111.25,147.3333333,16.95,20170,501980000,131704258,2023
TAT1410SD347,17-03-2023,North,Jharkhand,Pune,Tata,Safari,Diesel,4,36.7,117.5,155,8.23,16536,705050000,230399060,2023
TAT1410SD348,21-03-2023,West,Maharashtra,Ranjangaon,Tata,Nexon,Petrol,4,46.7,125,165,11.4,23950,613125000,176544268,2023
TAT1410SD349,25-03-2023,South,Kerala,Pune,Tata,Tigor,Petrol,3,39.9,122.5,162.6666667,7.32,33665,359372000,89674066,2023
TAT1410SD350,29-03-2023,East,Odisha,Pune,Tata,Tiago EV,EV,0,152.2,120,159.3333333,12.46,45970,403150000,84043812,2023
TAT1410SD351,02-04-2023,North,Delhi,Pune,Tata,Nexon EV,EV,0,196.9,115,152.6666667,8.04,19545,1021018000,300731216,2023
TAT1410SD352,06-04-2023,South,Telangana,Ranjangaon,Tata,Tigor EV,EV,0,169.6,112.5,149.3333333,11.96,18907,561182000,177348020,2023
TAT1410SD353,10-04-2023,West,Gujarat,Pune,Tata,Tiago,Diesel,3,49.7,118.75,156.6666667,7.95,16215,364380000,121842068,2023
TAT1410SD354,14-04-2023,North,Rajasthan,Pune,Tata,Altroz,Petrol,4,52.2,126.25,166.6666667,12.82,16684,337010000,85785923,2023
TAT1410SD355,18-04-2023,South,Karnataka,Ranjangaon,Tata,Punch,Petrol,3,58.7,123.75,164,20.25,30515,382382000,113259648,2023
TAT1410SD356,22-04-2023,East,Bihar,Pune,Tata,Harrier,Diesel,4,48.2,121.25,160.6666667,10.11,49717,512915000,134603913,2023
TAT1410SD357,26-04-2023,North,Jharkhand,Pune,Tata,Safari,Diesel,4,36.7,116.25,154,17.3,34760,719572000,235160636,2023
TAT1410SD358,30-04-2023,West,Maharashtra,Ranjangaon,Tata,Nexon,Petrol,4,46.7,113.75,150.6666667,7.83,6940,626875000,180517846,2023
TAT1410SD359,04-05-2023,South,Kerala,Pune,Tata,Tigor,Petrol,3,39.9,120,158.3333333,14.6,28475,366456000,91459520,2023
TAT1410SD360,08-05-2023,East,Odisha,Pune,Tata,Tiago EV,EV,0,152.2,127.5,168.3333333,12.61,31697,411335000,85754487,2023
TAT1410SD361,12-05-2023,North,Delhi,Pune,Tata,Nexon EV,EV,0,196.9,125,166,11.98,45672,1042064000,306932928,2023
TAT1410SD362,16-05-2023,South,Telangana,Ranjangaon,Tata,Tigor EV,EV,0,169.6,122.5,162.6666667,10.57,24591,573922000,181368608,2023
TAT1410SD363,20-05-2023,West,Gujarat,Pune,Tata,Tiago,Diesel,3,49.7,117.5,156,8.66,22407,372558000,124581297,2023
TAT1410SD364,24-05-2023,North,Rajasthan,Pune,Tata,Altroz,Petrol,4,52.2,115,152.6666667,11.26,34874,344075000,87580665,2023
TAT1410SD365,28-05-2023,South,Karnataka,Ranjangaon,Tata,Punch,Petrol,3,58.7,121.25,160,12.58,40616,390475000,115661609,2023
TAT1410SD366,01-06-2023,East,Bihar,Pune,Tata,Harrier,Diesel,4,48.2,128.75,170,10.75,40795,523950000,137512860,2023
TAT1410SD367,05-06-2023,North,Jharkhand,Pune,Tata,Safari,Diesel,4,36.7,126.25,167.3333333,7.7,41747,734094000,239922212,2023
TAT1410SD368,09-06-2023,West,Maharashtra,Ranjangaon,Tata,Nexon,Petrol,4,46.7,123.75,164,8.82,33074,640625000,184424424,2023
TAT1410SD369,13-06-2023,South,Kerala,Pune,Tata,Tigor,Petrol,3,39.9,118.75,157.3333333,10.23,25944,373540000,93224900,2023
TAT1410SD370,17-06-2023,East,Odisha,Pune,Tata,Tiago EV,EV,0,152.2,116.25,154,17.94,24156,419520000,87485182,2023
TAT1410SD371,21-06-2023,North,Delhi,Pune,Tata,Nexon EV,EV,0,196.9,122.5,161.6666667,7.92,42086,1063110000,313134600,2023
TAT1410SD372,25-06-2023,South,Telangana,Ranjangaon,Tata,Tigor EV,EV,0,169.6,130,171.6666667,8.08,12817,586664000,185389196,2023
TAT1410SD373,29-06-2023,West,Gujarat,Pune,Tata,Tiago,Diesel,3,49.7,127.5,169.3333333,7.22,19323,380736000,127319984,2023
TAT1410SD374,03-07-2023,North,Rajasthan,Pune,Tata,Altroz,Petrol,4,52.2,125,166,19.42,48660,351140000,89371790,2023
TAT1410SD375,07-07-2023,South,Karnataka,Ranjangaon,Tata,Punch,Petrol,3,58.7,120,159.3333333,10.12,13284,398568000,118072679,2023
TAT1410SD376,11-07-2023,East,Bihar,Pune,Tata,Harrier,Diesel,4,48.2,117.5,156,18.11,14299,534985000,140402693,2023
TAT1410SD377,15-07-2023,North,Jharkhand,Pune,Tata,Safari,Diesel,4,36.7,123.75,163.3333333,9.08,10448,748616000,244683788,2023
TAT1410SD378,19-07-2023,West,Maharashtra,Ranjangaon,Tata,Nexon,Petrol,4,46.7,131.25,173.3333333,7.49,35040,654375000,188331181,2023
TAT1410SD379,23-07-2023,South,Kerala,Pune,Tata,Tigor,Petrol,3,39.9,128.75,170.6666667,21.68,22440,380620000,95000640,2023
TAT1410SD380,27-07-2023,East,Odisha,Pune,Tata,Tiago EV,EV,0,152.2,126.25,167.3333333,7.09,13278,427705000,89195850,2023
TAT1410SD381,31-07-2023,North,Delhi,Pune,Tata,Nexon EV,EV,0,196.9,121.25,160.6666667,12.25,41401,1084156000,319336312,2023
TAT1410SD382,04-08-2023,South,Telangana,Ranjangaon,Tata,Tigor EV,EV,0,169.6,118.75,157.3333333,19.61,41820,599404000,189326266,2023
TAT1410SD383,08-08-2023,West,Gujarat,Pune,Tata,Tiago,Diesel,3,49.7,125,165,6.97,16460,388914000,129997155,2023
TAT1410SD384,12-08-2023,North,Rajasthan,Pune,Tata,Altroz,Petrol,4,52.2,132.5,175,21.24,25862,358205000,91176530,2023
TAT1410SD385,16-08-2023,South,Karnataka,Ranjangaon,Tata,Punch,Petrol,3,58.7,130,172.6666667,15.18,6489,406661000,120483489,2023
TAT1410SD386,20-08-2023,East,Bihar,Pune,Tata,Harrier,Diesel,4,48.2,127.5,169.3333333,10.19,38851,546020000,143292458,2023
TAT1410SD387,24-08-2023,North,Jharkhand,Pune,Tata,Safari,Diesel,4,36.7,122.5,162.6666667,12.49,49258,763138000,249445363,2023
TAT1410SD388,28-08-2023,West,Maharashtra,Ranjangaon,Tata,Nexon,Petrol,4,46.7,120,159.3333333,6.57,7185,668125000,192237759,2023
TAT1410SD389,01-09-2023,South,Kerala,Pune,Tata,Tigor,Petrol,3,39.9,126.25,166.6666667,7.07,18378,387604000,96745196,2023
TAT1410SD390,05-09-2023,East,Odisha,Pune,Tata,Tiago EV,EV,0,152.2,133.75,176.6666667,12.9,6407,435890000,90906562,2023
TAT1410SD391,09-09-2023,North,Delhi,Pune,Tata,Nexon EV,EV,0,196.9,131.25,174,7.08,46491,1105190000,325537960,2023
TAT1410SD392,13-09-2023,South,Telangana,Ranjangaon,Tata,Tigor EV,EV,0,169.6,128.75,170.6666667,13.31,46834,612144000,193351854,2023
TAT1410SD393,17-09-2023,West,Gujarat,Pune,Tata,Tiago,Diesel,3,49.7,123.75,164,18.87,26213,397082000,132736183,2023
TAT1410SD394,21-09-2023,North,Rajasthan,Pune,Tata,Altroz,Petrol,4,52.2,121.25,160.6666667,13.8,31767,365270000,92965159,2023
TAT1410SD395,25-09-2023,South,Karnataka,Ranjangaon,Tata,Punch,Petrol,3,58.7,127.5,168.3333333,20.02,27839,414754000,122894379,2023
TAT1410SD396,29-09-2023,East,Bihar,Pune,Tata,Harrier,Diesel,4,48.2,135,178.3333333,14.42,28798,557055000,146182110,2023
TAT1410SD397,03-10-2023,North,Jharkhand,Pune,Tata,Safari,Diesel,4,36.7,132.5,176,8.64,34940,777660000,254206940,2023
TAT1410SD398,07-10-2023,West,Maharashtra,Ranjangaon,Tata,Nexon,Petrol,4,46.7,130,172.6666667,19.82,27529,681875000,196144337,2023
TAT1410SD399,11-10-2023,South,Kerala,Pune,Tata,Tigor,Petrol,3,39.9,125,166,8.95,25775,394688000,98511776,2023
TAT1410SD400,15-10-2023,East,Odisha,Pune,Tata,Tiago EV,EV,0,152.2,122.5,162.6666667,7.2,37769,444075000,92617225,2023
TAT1410SD401,19-10-2023,North,Delhi,Pune,Tata,Nexon EV,EV,0,196.9,128.75,170,7.8,42103,1126236000,331739616,2023
TAT1410SD402,23-10-2023,South,Telangana,Ranjangaon,Tata,Tigor EV,EV,0,169.6,136.25,180,7.26,37529,624884000,197380168,2023
TAT1410SD403,27-10-2023,West,Gujarat,Pune,Tata,Tiago,Diesel,3,49.7,133.75,177.3333333,7.21,24524,405260000,135475269,2023
TAT1410SD404,31-10-2023,North,Rajasthan,Pune,Tata,Altroz,Petrol,4,52.2,131.25,174,14.71,49201,372335000,94752496,2023
TAT1410SD405,04-11-2023,South,Karnataka,Ranjangaon,Tata,Punch,Petrol,3,58.7,126.25,167.3333333,10.06,33999,422847000,125305118,2023
TAT1410SD406,08-11-2023,East,Bihar,Pune,Tata,Harrier,Diesel,4,48.2,123.75,164,8.78,30388,568090000,149071762,2023
TAT1410SD407,12-11-2023,North,Jharkhand,Pune,Tata,Safari,Diesel,4,36.7,130,171.6666667,18.38,15621,792182000,258968515,2023
TAT1410SD408,16-11-2023,West,Maharashtra,Ranjangaon,Tata,Nexon,Petrol,4,46.7,137.5,181.6666667,10.91,21968,695625000,200051694,2023
TAT1410SD409,20-11-2023,South,Kerala,Pune,Tata,Tigor,Petrol,3,39.9,135,179.3333333,11.41,20600,401772000,100282434,2023
TAT1410SD410,24-11-2023,East,Odisha,Pune,Tata,Tiago EV,EV,0,152.2,132.5,176,7.02,13256,452260000,94327900,2023
TAT1410SD411,28-11-2023,North,Delhi,Pune,Tata,Nexon EV,EV,0,196.9,127.5,169.3333333,8.42,18178,1147282000,337941328,2023
TAT1410SD412,02-12-2023,South,Telangana,Ranjangaon,Tata,Tigor EV,EV,0,169.6,125,166,7.3,13049,637624000,201411252,2023
TAT1410SD413,06-12-2023,West,Gujarat,Pune,Tata,Tiago,Diesel,3,49.7,131.25,173.3333333,14.91,18209,413438000,138214227,2023
TAT1410SD414,10-12-2023,North,Rajasthan,Pune,Tata,Altroz,Petrol,4,52.2,138.75,183.3333333,8.92,31166,379390000,96540848,2023
TAT1410SD415,14-12-2023,South,Karnataka,Ranjangaon,Tata,Punch,Petrol,3,58.7,136.25,180.6666667,7.11,23314,430940000,127715017,2023
TAT1410SD416,18-12-2023,East,Bihar,Pune,Tata,Harrier,Diesel,4,48.2,133.75,177.3333333,10.15,35066,579125000,151961413,2023
TAT1410SD417,22-12-2023,North,Jharkhand,Pune,Tata,Safari,Diesel,4,36.7,128.75,170.6666667,10.08,36985,806704000,263729906,2023
TAT1410SD418,26-12-2023,West,Maharashtra,Ranjangaon,Tata,Nexon,Petrol,4,46.7,126.25,167.3333333,16.35,25872,709375000,203958272,2023
TAT1410SD419,30-12-2023,South,Kerala,Pune,Tata,Tigor,Petrol,3,39.9,132.5,175,9.99,30575,408856000,102057912,2023
TAT1410SD420,03-01-2024,East,Odisha,Pune,Tata,Tiago EV,EV,0,152.2,140,185,16.21,39287,460445000,96038562,2024
TAT1410SD421,07-01-2024,North,Delhi,Pune,Tata,Nexon EV,EV,0,196.9,137.5,182.6666667,9.84,13656,1168328000,344143040,2024
TAT1410SD422,11-01-2024,South,Telangana,Ranjangaon,Tata,Tigor EV,EV,0,169.6,135,179.3333333,8.3,27083,650364000,205442345,2024
TAT1410SD423,15-01-2024,West,Gujarat,Pune,Tata,Tiago,Diesel,3,49.7,130,172.6666667,7.62,45525,421616000,140953181,2024
TAT1410SD424,19-01-2024,North,Rajasthan,Pune,Tata,Altroz,Petrol,4,52.2,127.5,169.3333333,7.11,11410,386455000,98358189,2024
TAT1410SD425,23-01-2024,South,Karnataka,Ranjangaon,Tata,Punch,Petrol,3,58.7,133.75,176.6666667,13.52,22621,439033000,130125807,2024
TAT1410SD426,27-01-2024,East,Bihar,Pune,Tata,Harrier,Diesel,4,48.2,141.25,186.6666667,17.32,7536,590160000,154851062,2024
TAT1410SD427,31-01-2024,North,Jharkhand,Pune,Tata,Safari,Diesel,4,36.7,138.75,184,7.26,26502,821226000,268491485,2024
TAT1410SD428,04-02-2024,West,Maharashtra,Ranjangaon,Tata,Nexon,Petrol,4,46.7,136.25,180.6666667,9.15,48818,723125000,207865768,2024
TAT1410SD429,08-02-2024,South,Kerala,Pune,Tata,Tigor,Petrol,3,39.9,131.25,174,16.43,45015,415940000,103832340,2024
TAT1410SD430,12-02-2024,East,Odisha,Pune,Tata,Tiago EV,EV,0,152.2,128.75,170.6666667,19.52,11700,468630000,97753725,2024
TAT1410SD431,16-02-2024,North,Delhi,Pune,Tata,Nexon EV,EV,0,196.9,135,178.3333333,18.94,12871,1189374000,350344752,2024
TAT1410SD432,20-02-2024,South,Telangana,Ranjangaon,Tata,Tigor EV,EV,0,169.6,142.5,188.3333333,11,22277,663104000,209489240,2024
TAT1410SD145,24-02-2024,South,Karnataka,Ranjangaon,Tata,Punch,Petrol,3,58.7,140,186,13.31,35645,212433000,62812063,2024
TAT1410SD146,28-02-2024,East,Bihar,Pune,Tata,Harrier,Diesel,4,48.2,137.5,182.6666667,7.16,28045,280925000,73672046,2024
TAT1410SD147,03-03-2024,North,Jharkhand,Pune,Tata,Safari,Diesel,4,36.7,132.5,176,21.37,18406,414602000,135158655,2024
TAT1410SD148,07-03-2024,West,Maharashtra,Ranjangaon,Tata,Nexon,Petrol,4,46.7,130,172.6666667,8.09,35449,338125000,97600854,2024
TAT1410SD149,11-03-2024,South,Kerala,Pune,Tata,Tigor,Petrol,3,39.9,136.25,180,18.8,18063,217714000,54316147,2024
TAT1410SD150,15-03-2024,East,Odisha,Pune,Tata,Tiago EV,EV,0,152.2,143.75,190,13.24,19705,239390000,49909200,2024
TAT1410SD151,19-03-2024,North,Delhi,Pune,Tata,Nexon EV,EV,0,196.9,141.25,187.3333333,9.6,21191,581044000,170966456,2024
TAT1410SD152,23-03-2024,South,Telangana,Ranjangaon,Tata,Tigor EV,EV,0,169.6,138.75,184,14.16,23406,306424000,96859132,2024
TAT1410SD153,27-03-2024,West,Gujarat,Pune,Tata,Tiago,Diesel,3,49.7,133.75,177.3333333,7.09,27300,200938000,67207474,2024
TAT1410SD154,31-03-2024,North,Rajasthan,Pune,Tata,Altroz,Petrol,4,52.2,131.25,174,7.88,44803,195720000,49805799,2024
TAT1410SD155,04-04-2024,South,Karnataka,Ranjangaon,Tata,Punch,Petrol,3,58.7,137.5,181.6666667,19.74,21998,220526000,65203712,2024
TAT1410SD156,08-04-2024,East,Bihar,Pune,Tata,Harrier,Diesel,4,48.2,145,191.6666667,7.51,34525,292450000,76709849,2024
TAT1410SD157,12-04-2024,North,Jharkhand,Pune,Tata,Safari,Diesel,4,36.7,142.5,189.3333333,19.56,26978,429120000,139918704,2024
TAT1410SD158,16-04-2024,West,Maharashtra,Ranjangaon,Tata,Nexon,Petrol,4,46.7,140,186,16.7,12343,351875000,101569485,2024
TAT1410SD159,20-04-2024,South,Kerala,Pune,Tata,Tigor,Petrol,3,39.9,135,179.3333333,8.5,45898,224796000,56070624,2024
TAT1410SD160,24-04-2024,East,Odisha,Pune,Tata,Tiago EV,EV,0,152.2,132.5,176,10.93,16269,247585000,51619867,2024
TAT1410SD161,28-04-2024,North,Delhi,Pune,Tata,Nexon EV,EV,0,196.9,138.75,183.3333333,13.87,33150,602090000,177218400,2024
TAT1410SD162,02-05-2024,South,Telangana,Ranjangaon,Tata,Tigor EV,EV,0,169.6,146.25,193.3333333,6.44,14165,319164000,100876251,2024
TAT1410SD163,06-05-2024,West,Gujarat,Pune,Tata,Tiago,Diesel,3,49.7,143.75,190.6666667,9.29,38685,209100000,69947703,2024
TAT1410SD164,10-05-2024,North,Rajasthan,Pune,Tata,Altroz,Petrol,4,52.2,141.25,187.3333333,8.02,22513,202785000,51599549,2024
TAT1410SD165,14-05-2024,South,Karnataka,Ranjangaon,Tata,Punch,Petrol,3,58.7,136.25,180.6666667,13.41,19464,228619000,67615632,2024
TAT1410SD166,18-05-2024,East,Bihar,Pune,Tata,Harrier,Diesel,4,48.2,133.75,177.3333333,19.8,32802,303500000,79654582,2024
TAT1410SD167,22-05-2024,North,Jharkhand,Pune,Tata,Safari,Diesel,4,36.7,140,185,10.5,16603,443642000,144678783,2024
TAT1410SD168,26-05-2024,West,Maharashtra,Ranjangaon,Tata,Nexon,Petrol,4,46.7,147.5,195,12.94,42711,365625000,105527197,2024
TAT1410SD169,30-05-2024,South,Kerala,Pune,Tata,Tigor,Petrol,3,39.9,145,192.6666667,12.73,11924,231876000,57849491,2024
TAT1410SD170,03-06-2024,East,Odisha,Pune,Tata,Tiago EV,EV,0,152.2,142.5,189.3333333,8.57,28938,255770000,53320538,2024
TAT1410SD171,07-06-2024,North,Delhi,Pune,Tata,Nexon EV,EV,0,196.9,137.5,182.6666667,7.06,18221,623136000,183424032,2024
TAT1410SD172,11-06-2024,South,Telangana,Ranjangaon,Tata,Tigor EV,EV,0,169.6,135,179.3333333,9.43,16788,331920000,104893340,2024
TAT1410SD173,15-06-2024,West,Gujarat,Pune,Tata,Tiago,Diesel,3,49.7,141.25,186.6666667,10.03,45740,217200000,72676080,2024
TAT1410SD174,19-06-2024,North,Rajasthan,Pune,Tata,Altroz,Petrol,4,52.2,148.75,196.6666667,12.73,35310,209840000,53384294,2024
TAT1410SD175,23-06-2024,South,Karnataka,Ranjangaon,Tata,Punch,Petrol,3,58.7,146.25,194,8.23,24212,236712000,69966598,2024
TAT1410SD176,27-06-2024,East,Bihar,Pune,Tata,Harrier,Diesel,4,48.2,143.75,190.6666667,10.01,19960,314525000,82531086,2024
TAT1410SD177,01-07-2024,North,Jharkhand,Pune,Tata,Safari,Diesel,4,36.7,138.75,184,9.1,33089,458160000,149438865,2024
TAT1410SD178,05-07-2024,West,Maharashtra,Ranjangaon,Tata,Nexon,Petrol,4,46.7,136.25,180.6666667,18.65,11267,379375000,109506660,2024
TAT1410SD179,09-07-2024,South,Kerala,Pune,Tata,Tigor,Petrol,3,39.9,37.5,48.33333333,10.24,41331,238960000,59620352,2024
TAT1410SD180,13-07-2024,East,Odisha,Pune,Tata,Tiago EV,EV,0,152.2,45,59.33333333,7.7,13427,263955000,55030582,2024
TAT1410SD181,17-07-2024,North,Delhi,Pune,Tata,Nexon EV,EV,0,196.9,42.5,56,9.1,46311,644182000,189626388,2024
TAT1410SD182,21-07-2024,South,Telangana,Ranjangaon,Tata,Tigor EV,EV,0,169.6,40,52.66666667,8.73,34476,344654000,108910400,2024
TAT1410SD183,25-07-2024,West,Gujarat,Pune,Tata,Tiago,Diesel,3,49.7,35,45,7,46747,225378000,75405021,2024
TAT1410SD184,29-07-2024,North,Rajasthan,Pune,Tata,Altroz,Petrol,4,52.2,32.5,42.66666667,10.59,8252,216905000,55198034,2024
TAT1410SD185,02-08-2024,South,Karnataka,Ranjangaon,Tata,Punch,Petrol,3,58.7,38.75,50,16.73,6006,244805000,72345511,2024
TAT1410SD186,06-08-2024,East,Bihar,Pune,Tata,Harrier,Diesel,4,48.2,46.25,60,13.7,34443,325570000,85415701,2024
TAT1410SD187,10-08-2024,North,Jharkhand,Pune,Tata,Safari,Diesel,4,36.7,43.75,57.33333333,7.03,42862,472686000,154200424,2024
TAT1410SD188,14-08-2024,West,Maharashtra,Ranjangaon,Tata,Nexon,Petrol,4,46.7,41.25,54.33333333,7.34,39209,393125000,113459124,2024
TAT1410SD189,18-08-2024,South,Kerala,Pune,Tata,Tigor,Petrol,3,39.9,36.25,46.66666667,17.55,21760,246048000,61386828,2024
TAT1410SD190,22-08-2024,East,Odisha,Pune,Tata,Tiago EV,EV,0,152.2,33.75,43.33333333,18.05,45136,272140000,56740682,2024
TAT1410SD191,26-08-2024,North,Delhi,Pune,Tata,Nexon EV,EV,0,196.9,40,51.66666667,11.41,16715,665228000,195824576,2024
TAT1410SD192,30-08-2024,South,Telangana,Ranjangaon,Tata,Tigor EV,EV,0,169.6,47.5,61.66666667,12.69,49195,357396000,112927450,2024
TAT1410SD193,03-09-2024,West,Gujarat,Pune,Tata,Tiago,Diesel,3,49.7,45,59.33333333,13.69,33060,233556000,78155209,2024
TAT1410SD194,07-09-2024,North,Rajasthan,Pune,Tata,Altroz,Petrol,4,52.2,42.5,56,19.51,45276,223960000,56987179,2024
TAT1410SD195,11-09-2024,South,Karnataka,Ranjangaon,Tata,Punch,Petrol,3,58.7,37.5,49.33333333,11.2,24384,252898000,74724497,2024
TAT1410SD196,15-09-2024,East,Bihar,Pune,Tata,Harrier,Diesel,4,48.2,35,46,9.31,38541,336615000,88319669,2024
TAT1410SD197,19-09-2024,North,Jharkhand,Pune,Tata,Safari,Diesel,4,36.7,41.25,53.33333333,8.39,33693,487208000,158962002,2024
TAT1410SD198,23-09-2024,West,Maharashtra,Ranjangaon,Tata,Nexon,Petrol,4,46.7,48.75,63.33333333,10.88,37690,406875000,117412716,2024
TAT1410SD199,27-09-2024,South,Kerala,Pune,Tata,Tigor,Petrol,3,39.9,46.25,60.66666667,14.94,11863,253136000,63152528,2024
TAT1410SD200,01-10-2024,East,Odisha,Pune,Tata,Tiago EV,EV,0,152.2,43.75,57.33333333,12.82,29505,280335000,58451850,2024
TAT1410SD201,05-10-2024,North,Delhi,Pune,Tata,Nexon EV,EV,0,196.9,38.75,50.66666667,9.15,17968,686274000,202022736,2024
TAT1410SD202,09-10-2024,South,Telangana,Ranjangaon,Tata,Tigor EV,EV,0,169.6,36.25,47.33333333,12.31,35465,370134000,116944583,2024
TAT1410SD203,13-10-2024,West,Gujarat,Pune,Tata,Tiago,Diesel,3,49.7,42.5,55,6.46,44927,241734000,80884245,2024
TAT1410SD204,17-10-2024,North,Rajasthan,Pune,Tata,Altroz,Petrol,4,52.2,50,65,10.37,39019,231025000,58778324,2024
TAT1410SD205,21-10-2024,South,Karnataka,Ranjangaon,Tata,Punch,Petrol,3,58.7,47.5,62.66666667,9.37,16313,260991000,77103487,2024
TAT1410SD206,25-10-2024,East,Bihar,Pune,Tata,Harrier,Diesel,4,48.2,45,59.33333333,9.83,18524,347650000,91213645,2024
TAT1410SD207,29-10-2024,North,Jharkhand,Pune,Tata,Safari,Diesel,4,36.7,40,52.66666667,20.73,18003,501738000,163723588,2024
TAT1410SD208,02-11-2024,West,Maharashtra,Ranjangaon,Tata,Nexon,Petrol,4,46.7,37.5,49.33333333,19.99,16042,420625000,121366308,2024
TAT1410SD209,06-11-2024,South,Kerala,Pune,Tata,Tigor,Petrol,3,39.9,43.75,56.66666667,13.09,12802,260224000,64923190,2024
TAT1410SD210,10-11-2024,East,Odisha,Pune,Tata,Tiago EV,EV,0,152.2,51.25,66.66666667,9.4,23924,288520000,60132332,2024
TAT1410SD211,14-11-2024,North,Delhi,Pune,Tata,Nexon EV,EV,0,196.9,48.75,64,17.64,24351,707320000,208226080,2024
TAT1410SD212,18-11-2024,South,Telangana,Ranjangaon,Tata,Tigor EV,EV,0,169.6,46.25,60.66666667,14.33,31017,382872000,121008069,2024
TAT1410SD213,22-11-2024,West,Gujarat,Pune,Tata,Tiago,Diesel,3,49.7,41.25,54,6.32,37167,249912000,83613271,2024
TAT1410SD214,26-11-2024,North,Rajasthan,Pune,Tata,Altroz,Petrol,4,52.2,38.75,50.66666667,12.59,31196,238090000,60555673,2024
TAT1410SD215,30-11-2024,South,Karnataka,Ranjangaon,Tata,Punch,Petrol,3,58.7,45,58.33333333,8.61,36508,269080000,79512300,2024
TAT1410SD216,04-12-2024,East,Bihar,Pune,Tata,Harrier,Diesel,4,48.2,52.5,68.33333333,7.15,23835,358680000,94107613,2024
TAT1410SD217,08-12-2024,North,Jharkhand,Pune,Tata,Safari,Diesel,4,36.7,50,66,8.72,15944,516252000,168485175,2024
TAT1410SD218,12-12-2024,West,Maharashtra,Ranjangaon,Tata,Nexon,Petrol,4,46.7,47.5,62.66666667,10.1,45800,434375000,125319894,2024
TAT1410SD219,16-12-2024,South,Kerala,Pune,Tata,Tigor,Petrol,3,39.9,42.5,56,16.49,37555,267304000,66710776,2024
TAT1410SD220,20-12-2024,East,Odisha,Pune,Tata,Tiago EV,EV,0,152.2,40,52.66666667,8.81,44631,296715000,61884487,2024
TAT1410SD221,24-12-2024,North,Delhi,Pune,Tata,Nexon EV,EV,0,196.9,46.25,60,19.82,47969,728366000,214430152,2024
TAT1410SD222,28-12-2024,South,Telangana,Ranjangaon,Tata,Tigor EV,EV,0,169.6,53.75,70,11.04,30671,395610000,125025178,2024
TAT1410SD223,01-01-2025,West,Gujarat,Pune,Tata,Tiago,Diesel,3,49.7,51.25,67.33333333,12.53,47276,258082000,86372132,2025
TAT1410SD224,05-01-2025,North,Rajasthan,Pune,Tata,Altroz,Petrol,4,52.2,48.75,64,14.68,35745,245155000,62372993,2025
TAT1410SD225,09-01-2025,South,Karnataka,Ranjangaon,Tata,Punch,Petrol,3,58.7,43.75,57.33333333,6.66,35783,277173000,81921387,2025
TAT1410SD226,13-01-2025,East,Bihar,Pune,Tata,Harrier,Diesel,4,48.2,41.25,54,14.76,24568,369720000,96981580,2025
TAT1410SD227,17-01-2025,North,Jharkhand,Pune,Tata,Safari,Diesel,4,36.7,47.5,61.66666667,13.3,43209,530775000,173256720,2025
TAT1410SD228,21-01-2025,West,Maharashtra,Ranjangaon,Tata,Nexon,Petrol,4,46.7,55,71.66666667,9.65,33250,448125000,129273480,2025
TAT1410SD229,25-01-2025,South,Kerala,Pune,Tata,Tigor,Petrol,3,39.9,52.5,69.33333333,20.85,47779,274380000,68494950,2025
TAT1410SD230,29-01-2025,East,Odisha,Pune,Tata,Tiago EV,EV,0,152.2,50,66,8.18,30934,304900000,63583500,2025
TAT1410SD231,02-02-2025,North,Delhi,Pune,Tata,Nexon EV,EV,0,196.9,45,59.33333333,14.51,8746,749412000,220634224,2025
TAT1410SD232,06-02-2025,South,Telangana,Ranjangaon,Tata,Tigor EV,EV,0,169.6,42.5,56,17.69,13021,408356000,129041492,2025
TAT1410SD233,10-02-2025,West,Gujarat,Pune,Tata,Tiago,Diesel,3,49.7,48.75,63.33333333,9.11,32682,266258000,89111169,2025
TAT1410SD234,14-02-2025,North,Rajasthan,Pune,Tata,Altroz,Petrol,4,52.2,56.25,73.33333333,9.52,48577,252220000,64190310,2025
TAT1410SD235,18-02-2025,South,Karnataka,Ranjangaon,Tata,Punch,Petrol,3,58.7,53.75,70.66666667,19.81,31904,285266000,84332420,2025
TAT1410SD236,22-02-2025,East,Bihar,Pune,Tata,Harrier,Diesel,4,48.2,51.25,67.33333333,18.04,46461,380765000,99875548,2025
TAT1410SD237,26-02-2025,North,Jharkhand,Pune,Tata,Safari,Diesel,4,36.7,46.25,60.66666667,7.1,29856,545296000,178021876,2025
TAT1410SD238,02-03-2025,West,Maharashtra,Ranjangaon,Tata,Nexon,Petrol,4,46.7,43.75,57.33333333,8.52,41092,461875000,133227068,2025
TAT1410SD239,06-03-2025,South,Kerala,Pune,Tata,Tigor,Petrol,3,39.9,50,65,9.68,8774,281464000,70258164,2025
TAT1410SD240,10-03-2025,East,Odisha,Pune,Tata,Tiago EV,EV,0,152.2,57.5,75,6.71,38434,313095000,65293987,2025
TAT1410SD241,14-03-2025,North,Delhi,Pune,Tata,Nexon EV,EV,0,196.9,55,72.66666667,9.72,26137,789512000,232490320,2025
TAT1410SD242,18-03-2025,South,Telangana,Ranjangaon,Tata,Tigor EV,EV,0,169.6,52.5,69.33333333,7.29,37495,421094000,133099958,2025
TAT1410SD243,22-03-2025,West,Gujarat,Pune,Tata,Tiago,Diesel,3,49.7,47.5,62.66666667,20.46,27997,274430000,91823157,2025
TAT1410SD244,26-03-2025,North,Rajasthan,Pune,Tata,Altroz,Petrol,4,52.2,45,59.33333333,13.11,32760,259295000,65977699,2025
TAT1410SD245,30-03-2025,South,Karnataka,Ranjangaon,Tata,Punch,Petrol,3,58.7,51.25,66.66666667,7.06,11945,293359000,86738910,2025
TAT1410SD246,03-04-2025,East,Bihar,Pune,Tata,Harrier,Diesel,4,48.2,58.75,76.66666667,7.27,49017,391800000,102808000,2025
TAT1410SD247,07-04-2025,North,Jharkhand,Pune,Tata,Safari,Diesel,4,36.7,56.25,74,9.15,40015,559821000,182782755,2025
TAT1410SD248,11-04-2025,West,Maharashtra,Ranjangaon,Tata,Nexon,Petrol,4,46.7,53.75,70.66666667,6.54,25167,475625000,137180654,2025
TAT1410SD249,15-04-2025,South,Kerala,Pune,Tata,Tigor,Petrol,3,39.9,48.75,64,10.42,33377,288546000,72033604,2025
TAT1410SD250,19-04-2025,East,Odisha,Pune,Tata,Tiago EV,EV,0,152.2,46.25,60.66666667,13.47,18619,321285000,66993562,2025
TAT1410SD251,23-04-2025,North,Delhi,Pune,Tata,Nexon EV,EV,0,196.9,52.5,68.33333333,12.65,6868,810558000,238706384,2025
TAT1410SD252,27-04-2025,South,Telangana,Ranjangaon,Tata,Tigor EV,EV,0,169.6,60,78.33333333,16.66,36487,433832000,137117032,2025
TAT1410SD253,01-05-2025,West,Gujarat,Pune,Tata,Tiago,Diesel,3,49.7,57.5,76,8.54,37431,282608000,94542194,2025
TAT1410SD254,05-05-2025,North,Rajasthan,Pune,Tata,Altroz,Petrol,4,52.2,55,72.66666667,21.48,48993,266360000,67764834,2025
TAT1410SD255,09-05-2025,South,Karnataka,Ranjangaon,Tata,Punch,Petrol,3,58.7,50,66,11.77,41596,301452000,89158784,2025
TAT1410SD256,13-05-2025,East,Bihar,Pune,Tata,Harrier,Diesel,4,48.2,47.5,62.66666667,6.8,48276,402835000,105697628,2025
TAT1410SD257,17-05-2025,North,Jharkhand,Pune,Tata,Safari,Diesel,4,36.7,53.75,70,8.84,18424,574348000,187544331,2025
TAT1410SD258,21-05-2025,West,Maharashtra,Ranjangaon,Tata,Nexon,Petrol,4,46.7,61.25,80,14.01,37132,489375000,141134240,2025
TAT1410SD259,25-05-2025,South,Kerala,Pune,Tata,Tigor,Petrol,3,39.9,58.75,77.33333333,12.81,8256,295624000,73818318,2025
TAT1410SD260,29-05-2025,East,Odisha,Pune,Tata,Tiago EV,EV,0,152.2,56.25,74,9.42,24391,329475000,68703893,2025
TAT1410SD261,02-06-2025,North,Delhi,Pune,Tata,Nexon EV,EV,0,196.9,51.25,67.33333333,7.43,19664,831604000,244917544,2025
TAT1410SD262,06-06-2025,South,Telangana,Ranjangaon,Tata,Tigor EV,EV,0,169.6,48.75,64,8.69,30403,446574000,141134769,2025
TAT1410SD263,10-06-2025,West,Gujarat,Pune,Tata,Tiago,Diesel,3,49.7,55,71.66666667,6.42,43971,290786000,97262055,2025
TAT1410SD264,14-06-2025,North,Rajasthan,Pune,Tata,Altroz,Petrol,4,52.2,62.5,81.66666667,7.87,33152,273425000,69577979,2025
TAT1410SD265,18-06-2025,South,Karnataka,Ranjangaon,Tata,Punch,Petrol,3,58.7,60,79.33333333,19.92,11168,309545000,91565578,2025
TAT1410SD266,22-06-2025,East,Bihar,Pune,Tata,Harrier,Diesel,4,48.2,57.5,76,10.87,41865,413800000,108587120,2025
TAT1410SD267,26-06-2025,North,Jharkhand,Pune,Tata,Safari,Diesel,4,36.7,52.5,69.33333333,8.98,23388,588874000,192305908,2025
TAT1410SD268,30-06-2025,West,Maharashtra,Ranjangaon,Tata,Nexon,Petrol,4,46.7,50,66,14.9,6156,503125000,145087826,2025
TAT1410SD269,04-07-2025,South,Kerala,Pune,Tata,Tigor,Petrol,3,39.9,56.25,73.33333333,14.12,25765,302708000,75571618,2025
TAT1410SD270,08-07-2025,East,Odisha,Pune,Tata,Tiago EV,EV,0,152.2,63.75,83.33333333,7.8,28158,337660000,70424560,2025
TAT1410SD271,12-07-2025,North,Delhi,Pune,Tata,Nexon EV,EV,0,196.9,61.25,80.66666667,6.68,13760,852650000,251124200,2025
TAT1410SD272,16-07-2025,South,Telangana,Ranjangaon,Tata,Tigor EV,EV,0,169.6,58.75,77.33333333,8.57,20466,459310000,145163152,2025
TAT1410SD273,20-07-2025,West,Gujarat,Pune,Tata,Tiago,Diesel,3,49.7,53.75,70.66666667,12.89,48645,298968000,99980682,2025
TAT1410SD274,24-07-2025,North,Rajasthan,Pune,Tata,Altroz,Petrol,4,52.2,51.25,67.33333333,7.98,20297,280490000,71365288,2025
TAT1410SD275,28-07-2025,South,Karnataka,Ranjangaon,Tata,Punch,Petrol,3,58.7,57.5,75,14.5,31080,317638000,93974447,2025
TAT1410SD276,01-08-2025,East,Bihar,Pune,Tata,Harrier,Diesel,4,48.2,65,85,7.74,44701,424835000,111476778,2025
TAT1410SD277,05-08-2025,North,Jharkhand,Pune,Tata,Safari,Diesel,4,36.7,62.5,82.66666667,11.56,45762,603396000,197067484,2025
TAT1410SD278,09-08-2025,West,Maharashtra,Ranjangaon,Tata,Nexon,Petrol,4,46.7,60,79.33333333,7.86,18508,516875000,148995393,2025
TAT1410SD279,13-08-2025,South,Kerala,Pune,Tata,Tigor,Petrol,3,39.9,55,72.66666667,8.25,32106,309792000,77336214,2025
TAT1410SD280,17-08-2025,East,Odisha,Pune,Tata,Tiago EV,EV,0,152.2,52.5,69.33333333,8.53,47689,345845000,72115222,2025
TAT1410SD281,21-08-2025,North,Delhi,Pune,Tata,Nexon EV,EV,0,196.9,58.75,76.66666667,6.99,16159,873696000,257322960,2025
TAT1410SD282,25-08-2025,South,Telangana,Ranjangaon,Tata,Tigor EV,EV,0,169.6,66.25,86.66666667,7.93,38860,472044000,149179515,2025
TAT1410SD283,29-08-2025,West,Gujarat,Pune,Tata,Tiago,Diesel,3,49.7,63.75,84,18.68,38069,307146000,102699718,2025
TAT1410SD284,02-09-2025,North,Rajasthan,Pune,Tata,Altroz,Petrol,4,52.2,61.25,80.66666667,8.62,28582,287555000,73152554,2025
TAT1410SD285,06-09-2025,South,Karnataka,Ranjangaon,Tata,Punch,Petrol,3,58.7,56.25,74,7.5,10602,325731000,96383397,2025
TAT1410SD286,10-09-2025,East,Bihar,Pune,Tata,Harrier,Diesel,4,48.2,53.75,70.66666667,6.51,13470,435870000,114366436,2025
TAT1410SD287,14-09-2025,North,Jharkhand,Pune,Tata,Safari,Diesel,4,36.7,60,78.33333333,14.73,6263,617918000,201831498,2025
TAT1410SD288,18-09-2025,West,Maharashtra,Ranjangaon,Tata,Nexon,Petrol,4,46.7,67.5,88.33333333,6.82,26843,530625000,152902970,2025
TAT1410SD01,22-09-2025,North,Delhi,Pune,Tata,Nexon EV,EV,0,196.9,65,86,9.37,27037,277722000,81657876,2025
TAT1410SD02,26-09-2025,South,Telangana,Pune,Tata,Tigor EV,EV,0,169.6,62.5,82.66666667,6.55,49795,113426000,35860361,2025
TAT1410SD03,30-09-2025,East,West Bengal,Pune,Tata,Tiago,Diesel,3,49.7,57.5,76,6.56,13079,85418000,28574169,2025
TAT1410SD04,04-10-2025,West,Gujarat,Pune,Tata,Altroz,Petrol,4,52.2,55,72.66666667,8.83,25910,90730000,23067644,2025
TAT1410SD05,08-10-2025,North,Punjab,Ranjangaon,Tata,Punch,Petrol,3,58.7,61.25,80,12.73,28459,100150000,29618034,2025
TAT1410SD06,12-10-2025,South,Tamil Nadu,Pune,Tata,Harrier,Diesel,4,48.2,68.75,90,8.98,45678,123512500,32412586,2025
TAT1410SD07,16-10-2025,North,Uttar Pradesh,Pune,Tata,Safari,Diesel,4,36.7,66.25,87.33333333,7.79,40837,211846000,68972169,2025
TAT1410SD08,20-10-2025,West,Maharashtra,Ranjangaon,Tata,Nexon,Petrol,4,46.7,63.75,84,7.09,14115,149875000,43254930,2025
TAT1410SD09,24-10-2025,South,Karnataka,Pune,Tata,Tigor,Petrol,3,39.9,58.75,77.33333333,19.77,43065,118408000,29553075,2025
TAT1410SD10,28-10-2025,East,Odisha,Pune,Tata,Tiago EV,EV,0,152.2,56.25,74,18.75,47897,122985000,25619175,2025
TAT1410SD11,01-11-2025,North,Haryana,Pune,Tata,Nexon EV,EV,0,196.9,62.5,81.66666667,8.22,38833,285872000,84042296,2025
TAT1410SD12,05-11-2025,South,Andhra Pradesh,Ranjangaon,Tata,Tigor EV,EV,0,169.6,70,91.66666667,13.57,9598,124032000,39213190,2025
TAT1410SD13,09-11-2025,West,Gujarat,Pune,Tata,Tiago,Diesel,3,49.7,67.5,89.33333333,8.97,31289,91720000,30704044,2025
TAT1410SD14,13-11-2025,North,Rajasthan,Pune,Tata,Altroz,Petrol,4,52.2,65,86,7.74,32159,95745000,24355209,2025
TAT1410SD15,17-11-2025,South,Karnataka,Ranjangaon,Tata,Punch,Petrol,3,58.7,60,79.33333333,9.66,21432,108269000,31998522,2025
TAT1410SD16,21-11-2025,East,Bihar,Pune,Tata,Harrier,Diesel,4,48.2,57.5,76,7.52,35444,135540000,35572922,2025
TAT1410SD17,25-11-2025,North,Jharkhand,Pune,Tata,Safari,Diesel,4,36.7,63.75,83.33333333,12.1,29494,226508000,73812845,2025
TAT1410SD18,29-11-2025,West,Maharashtra,Ranjangaon,Tata,Nexon,Petrol,4,46.7,71.25,93.33333333,8.04,26563,163075000,47076629,2025
TAT1410SD19,03-12-2025,South,Kerala,Pune,Tata,Tigor,Petrol,3,39.9,68.75,90.66666667,12.26,9492,126588000,31591871,2025
TAT1410SD20,07-12-2025,East,Odisha,Pune,Tata,Tiago EV,EV,0,152.2,66.25,87.33333333,14.63,46476,131175000,27341850,2025
TAT1410SD21,11-12-2025,North,Delhi,Pune,Tata,Nexon EV,EV,0,196.9,61.25,80.66666667,7.5,35055,306918000,90278784,2025
TAT1410SD22,15-12-2025,South,Telangana,Ranjangaon,Tata,Tigor EV,EV,0,169.6,58.75,77.33333333,7.12,15381,140880000,44537130,2025
TAT1410SD23,19-12-2025,West,Gujarat,Pune,Tata,Tiago,Diesel,3,49.7,65,85,8.4,39289,98932000,33100234,2025
TAT1410SD24,23-12-2025,North,Rajasthan,Pune,Tata,Altroz,Petrol,4,52.2,72.5,95,14.1,45167,102750000,26131494,2025
TAT1410SD25,27-12-2025,South,Karnataka,Ranjangaon,Tata,Punch,Petrol,3,58.7,70,92.66666667,7.12,9489,115457000,34117765,2025
TAT1410SD26,31-12-2025,East,Bihar,Pune,Tata,Harrier,Diesel,4,48.2,67.5,89.33333333,13.14,14461,145880000,38276682,2025
TAT1410SD27,05-01-2019,North,Jharkhand,Pune,Tata,Safari,Diesel,4,36.7,62.5,82.66666667,6.54,19249,240190000,78263155,2019
TAT1410SD28,09-01-2019,West,Maharashtra,Ranjangaon,Tata,Nexon,Petrol,4,46.7,60,79.33333333,12.65,46027,175500000,50638560,2019
TAT1410SD29,09-01-2019,South,Kerala,Pune,Tata,Tigor,Petrol,3,39.9,66.25,86.66666667,11.37,29698,133170000,33221975,2019
TAT1410SD30,13-01-2019,East,Odisha,Pune,Tata,Tiago EV,EV,0,152.2,73.75,96.66666667,11.16,13333,140225000,29244525,2019
TAT1410SD31,17-01-2019,North,Delhi,Pune,Tata,Nexon EV,EV,0,196.9,71.25,94,11.11,33422,326442000,95989716,2019
TAT1410SD32,21-01-2019,South,Telangana,Ranjangaon,Tata,Tigor EV,EV,0,169.6,68.75,90.66666667,13.6,34353,153576000,48561076,2019
TAT1410SD33,25-01-2019,West,Gujarat,Pune,Tata,Tiago,Diesel,3,49.7,63.75,84,10.44,10566,106140000,35508424,2019
TAT1410SD34,29-01-2019,North,Rajasthan,Pune,Tata,Altroz,Petrol,4,52.2,61.25,80.66666667,18.16,46869,109835000,27931899,2019
TAT1410SD35,02-02-2019,South,Karnataka,Ranjangaon,Tata,Punch,Petrol,3,58.7,67.5,88.33333333,10.36,31065,123498000,36473618,2019
TAT1410SD36,06-02-2019,East,Bihar,Pune,Tata,Harrier,Diesel,4,48.2,75,98.33333333,7.76,20125,157770000,41381397,2019
TAT1410SD37,10-02-2019,North,Jharkhand,Pune,Tata,Safari,Diesel,4,36.7,72.5,96,7.68,5634,254712000,83004388,2019
TAT1410SD38,14-02-2019,West,Maharashtra,Ranjangaon,Tata,Nexon,Petrol,4,46.7,70,92.66666667,7.37,45643,189150000,54562725,2019
TAT1410SD39,18-02-2019,South,Kerala,Pune,Tata,Tigor,Petrol,3,39.9,65,86,11.61,21030,140268000,35003666,2019
TAT1410SD40,22-02-2019,East,Odisha,Pune,Tata,Tiago EV,EV,0,152.2,62.5,82.66666667,13.39,46186,148405000,30953600,2019
TAT1410SD41,26-02-2019,North,Delhi,Pune,Tata,Nexon EV,EV,0,196.9,68.75,90,8.32,20683,347488000,102200640,2019
TAT1410SD42,02-03-2019,South,Telangana,Ranjangaon,Tata,Tigor EV,EV,0,169.6,76.25,100,11.38,27848,166266000,52568600,2019
TAT1410SD43,06-03-2019,West,Gujarat,Pune,Tata,Tiago,Diesel,3,49.7,73.75,97.33333333,16.59,28336,113350000,37912214,2019
TAT1410SD44,10-03-2019,North,Rajasthan,Pune,Tata,Altroz,Petrol,4,52.2,71.25,94,8.8,19679,116920000,29749144,2019
TAT1410SD45,14-03-2019,South,Karnataka,Ranjangaon,Tata,Punch,Petrol,3,58.7,66.25,87.33333333,9.4,41019,131589000,38865612,2019
TAT1410SD46,18-03-2019,East,Bihar,Pune,Tata,Harrier,Diesel,4,48.2,63.75,84,10.73,7564,168925000,44286128,2019
TAT1410SD47,22-03-2019,North,Jharkhand,Pune,Tata,Safari,Diesel,4,36.7,70,91.66666667,14.12,45461,269234000,87687847,2019
TAT1410SD48,26-03-2019,West,Maharashtra,Ranjangaon,Tata,Nexon,Petrol,4,46.7,77.5,101.6666667,8.53,22528,202800000,58506890,2019
TAT1410SD49,30-03-2019,South,Kerala,Pune,Tata,Tigor,Petrol,3,39.9,75,99.33333333,9.24,22351,147354000,36768357,2019
TAT1410SD50,03-04-2019,East,Odisha,Pune,Tata,Tiago EV,EV,0,152.2,72.5,96,8.02,43814,157500000,32840625,2019
TAT1410SD51,07-04-2019,North,Delhi,Pune,Tata,Nexon EV,EV,0,196.9,67.5,89.33333333,6.92,36160,370536000,108962208,2019
TAT1410SD52,11-04-2019,South,Telangana,Ranjangaon,Tata,Tigor EV,EV,0,169.6,65,86,14.81,8714,179008000,56586044,2019
TAT1410SD53,15-04-2019,West,Gujarat,Pune,Tata,Tiago,Diesel,3,49.7,71.25,93.33333333,17.47,20820,120562000,40342938,2019
TAT1410SD54,19-04-2019,North,Rajasthan,Pune,Tata,Altroz,Petrol,4,52.2,78.75,103.3333333,15.16,43285,123985000,31535499,2019
TAT1410SD55,23-04-2019,South,Karnataka,Ranjangaon,Tata,Punch,Petrol,3,58.7,76.25,100.6666667,17.68,22338,139682000,41279261,2019
TAT1410SD56,27-04-2019,East,Bihar,Pune,Tata,Harrier,Diesel,4,48.2,73.75,97.33333333,9.87,23970,179835000,47164967,2019
TAT1410SD57,01-05-2019,North,Jharkhand,Pune,Tata,Safari,Diesel,4,36.7,68.75,90.66666667,17.49,22711,283756000,92404113,2019
TAT1410SD58,05-05-2019,West,Maharashtra,Ranjangaon,Tata,Nexon,Petrol,4,46.7,66.25,87.33333333,9.12,48904,216450000,62444059,2019
TAT1410SD59,09-05-2019,South,Kerala,Pune,Tata,Tigor,Petrol,3,39.9,72.5,95,10.84,23924,154432000,38532958,2019
TAT1410SD60,13-05-2019,East,Odisha,Pune,Tata,Tiago EV,EV,0,152.2,80,105,17.66,5412,165685000,34533300,2019
TAT1410SD61,17-05-2019,North,Delhi,Pune,Tata,Nexon EV,EV,0,196.9,77.5,102.6666667,7.47,22111,391582000,115163148,2019
TAT1410SD62,21-05-2019,South,Telangana,Ranjangaon,Tata,Tigor EV,EV,0,169.6,75,99.33333333,20.14,27687,191754000,60634690,2019
TAT1410SD63,25-05-2019,West,Gujarat,Pune,Tata,Tiago,Diesel,3,49.7,70,92.66666667,13.65,18406,128622000,43063660,2019
TAT1410SD64,29-05-2019,North,Rajasthan,Pune,Tata,Altroz,Petrol,4,52.2,67.5,89.33333333,9.89,6450,131050000,33352759,2019
TAT1410SD65,02-06-2019,South,Karnataka,Ranjangaon,Tata,Punch,Petrol,3,58.7,73.75,96.66666667,9.77,42601,147775000,43653147,2019
TAT1410SD66,06-06-2019,East,Bihar,Pune,Tata,Harrier,Diesel,4,48.2,81.25,106.6666667,11.65,32539,190450000,49955734,2019
TAT1410SD67,10-06-2019,North,Jharkhand,Pune,Tata,Safari,Diesel,4,36.7,78.75,104,17.92,24718,298278000,97204980,2019
TAT1410SD68,14-06-2019,West,Maharashtra,Ranjangaon,Tata,Nexon,Petrol,4,46.7,76.25,100.6666667,14.17,38373,229600000,66266225,2019
TAT1410SD69,18-06-2019,South,Kerala,Pune,Tata,Tigor,Petrol,3,39.9,71.25,94,10.64,49241,161514000,40302758,2019
TAT1410SD70,22-06-2019,East,Odisha,Pune,Tata,Tiago EV,EV,0,152.2,68.75,90.66666667,12.23,48725,173880000,36254850,2019
TAT1410SD71,26-06-2019,North,Delhi,Pune,Tata,Nexon EV,EV,0,196.9,75,98.33333333,19.87,37515,412628000,121350864,2019
TAT1410SD72,30-06-2019,South,Telangana,Ranjangaon,Tata,Tigor EV,EV,0,169.6,82.5,108.3333333,7.98,13414,204500000,64653840,2019
TAT1410SD73,04-07-2019,West,Gujarat,Pune,Tata,Tiago,Diesel,3,49.7,80,106,9.61,17272,136706000,45758223,2019
TAT1410SD74,08-07-2019,North,Rajasthan,Pune,Tata,Altroz,Petrol,4,52.2,77.5,102.6666667,16.08,5370,139130000,35400049,2019
TAT1410SD75,12-07-2019,South,Karnataka,Ranjangaon,Tata,Punch,Petrol,3,58.7,72.5,96,10.35,22528,155868000,46032247,2019
TAT1410SD76,16-07-2019,East,Bihar,Pune,Tata,Harrier,Diesel,4,48.2,70,92.66666667,10.35,25703,201975000,52960467,2019
TAT1410SD77,20-07-2019,North,Jharkhand,Pune,Tata,Safari,Diesel,4,36.7,76.25,100,10.14,21801,312800000,101915900,2019
TAT1410SD78,24-07-2019,West,Maharashtra,Ranjangaon,Tata,Nexon,Petrol,4,46.7,83.75,110,8.89,28452,242550000,69986510,2019
TAT1410SD79,28-07-2019,South,Kerala,Pune,Tata,Tigor,Petrol,3,39.9,81.25,107.3333333,7.74,37296,168660000,42103440,2019
TAT1410SD80,01-08-2019,East,Odisha,Pune,Tata,Tiago EV,EV,0,152.2,78.75,104,8.52,5080,182065000,37965900,2019
TAT1410SD81,05-08-2019,North,Delhi,Pune,Tata,Nexon EV,EV,0,196.9,73.75,97.33333333,11.19,7290,433674000,127532328,2019
TAT1410SD82,09-08-2019,South,Telangana,Ranjangaon,Tata,Tigor EV,EV,0,169.6,71.25,94,10.5,11098,217242000,68694856,2019
TAT1410SD83,13-08-2019,West,Gujarat,Pune,Tata,Tiago,Diesel,3,49.7,77.5,101.6666667,21.06,19659,144800000,48464304,2019
TAT1410SD84,17-08-2019,North,Rajasthan,Pune,Tata,Altroz,Petrol,4,52.2,85,111.6666667,14.66,6792,146195000,37190184,2019
TAT1410SD85,21-08-2019,South,Karnataka,Ranjangaon,Tata,Punch,Petrol,3,58.7,82.5,109.3333333,7.39,39212,163965000,48421096,2019
TAT1410SD86,25-08-2019,East,Bihar,Pune,Tata,Harrier,Diesel,4,48.2,80,106,15.22,48020,213010000,55907400,2019
TAT1410SD87,29-08-2019,North,Jharkhand,Pune,Tata,Safari,Diesel,4,36.7,75,99.33333333,19.67,21791,327322000,106657956,2019
TAT1410SD88,02-09-2019,West,Maharashtra,Ranjangaon,Tata,Nexon,Petrol,4,46.7,72.5,96,11.39,34132,256375000,73981882,2019
TAT1410SD89,06-09-2019,South,Kerala,Pune,Tata,Tigor,Petrol,3,39.9,78.75,103.3333333,7.99,26391,175748000,43867622,2019
TAT1410SD90,10-09-2019,East,Odisha,Pune,Tata,Tiago EV,EV,0,152.2,86.25,113.3333333,9.87,9006,190260000,39678150,2019
TAT1410SD91,14-09-2019,North,Delhi,Pune,Tata,Nexon EV,EV,0,196.9,83.75,110.6666667,13.5,35353,454720000,133792000,2019
TAT1410SD92,18-09-2019,South,Telangana,Ranjangaon,Tata,Tigor EV,EV,0,169.6,81.25,107.3333333,9.07,32533,229984000,72728902,2019
TAT1410SD93,22-09-2019,West,Gujarat,Pune,Tata,Tiago,Diesel,3,49.7,76.25,100.6666667,10.2,18592,152962000,51214040,2019
TAT1410SD94,26-09-2019,North,Rajasthan,Pune,Tata,Altroz,Petrol,4,52.2,73.75,97.33333333,13.39,31309,153260000,39007424,2019
TAT1410SD95,30-09-2019,South,Karnataka,Ranjangaon,Tata,Punch,Petrol,3,58.7,80,105,9.68,19832,171968000,50799195,2019
TAT1410SD96,04-10-2019,East,Bihar,Pune,Tata,Harrier,Diesel,4,48.2,87.5,115,9.47,10578,224525000,58902134,2019
TAT1410SD97,08-10-2019,North,Jharkhand,Pune,Tata,Safari,Diesel,4,36.7,85,112.6666667,18.24,40825,341844000,111399479,2019
TAT1410SD98,12-10-2019,West,Maharashtra,Ranjangaon,Tata,Nexon,Petrol,4,46.7,82.5,109.3333333,8.72,19678,270150000,77901053,2019
TAT1410SD99,16-10-2019,South,Kerala,Pune,Tata,Tigor,Petrol,3,39.9,77.5,102.6666667,6.71,41014,182832000,45624259,2019
TAT1410SD100,20-10-2019,East,Odisha,Pune,Tata,Tiago EV,EV,0,152.2,75,99.33333333,21.69,25542,198450000,41380312,2019
TAT1410SD101,24-10-2019,North,Delhi,Pune,Tata,Nexon EV,EV,0,196.9,81.25,106.6666667,8.4,39967,475766000,139955352,2019
TAT1410SD102,28-10-2019,South,Telangana,Ranjangaon,Tata,Tigor EV,EV,0,169.6,88.75,116.6666667,6.57,15337,242724000,76762950,2019
TAT1410SD103,01-11-2019,West,Gujarat,Pune,Tata,Tiago,Diesel,3,49.7,86.25,114,11.71,15592,160170000,53594877,2019
TAT1410SD104,05-11-2019,North,Rajasthan,Pune,Tata,Altroz,Petrol,4,52.2,83.75,110.6666667,7.6,44427,160395000,40822668,2019
TAT1410SD105,09-11-2019,South,Karnataka,Ranjangaon,Tata,Punch,Petrol,3,58.7,78.75,104,9.51,6776,180061000,53178044,2019
TAT1410SD106,13-11-2019,East,Bihar,Pune,Tata,Harrier,Diesel,4,48.2,76.25,100.6666667,16.41,32890,235750000,61864111,2019
TAT1410SD107,17-11-2019,North,Jharkhand,Pune,Tata,Safari,Diesel,4,36.7,82.5,108.3333333,8.4,37789,356366000,116140939,2019
TAT1410SD108,21-11-2019,West,Maharashtra,Ranjangaon,Tata,Nexon,Petrol,4,46.7,90,118.3333333,12.38,49912,283875000,81907797,2019
TAT1410SD109,25-11-2019,South,Kerala,Pune,Tata,Tigor,Petrol,3,39.9,87.5,116,14.72,18915,189914000,47388052,2019
TAT1410SD110,29-11-2019,East,Odisha,Pune,Tata,Tiago EV,EV,0,152.2,85,112.6666667,6.98,44997,206640000,43091700,2019
TAT1410SD111,03-12-2019,North,Delhi,Pune,Tata,Nexon EV,EV,0,196.9,80,106,12.97,24800,496812000,146118408,2019
TAT1410SD112,07-12-2019,South,Telangana,Ranjangaon,Tata,Tigor EV,EV,0,169.6,77.5,102.6666667,10.09,17200,255464000,80780274,2019
TAT1410SD113,11-12-2019,West,Gujarat,Pune,Tata,Tiago,Diesel,3,49.7,83.75,110,7.36,48407,168346000,56345914,2019
TAT1410SD114,15-12-2019,North,Rajasthan,Pune,Tata,Altroz,Petrol,4,52.2,91.25,120,8.63,6366,167460000,42616223,2019
TAT1410SD115,19-12-2019,South,Karnataka,Ranjangaon,Tata,Punch,Petrol,3,58.7,88.75,117.3333333,16.39,39414,188154000,55589144,2019
TAT1410SD116,23-12-2019,East,Bihar,Pune,Tata,Harrier,Diesel,4,48.2,86.25,114,11.57,23850,247275000,64883577,2019
TAT1410SD117,27-12-2019,North,Jharkhand,Pune,Tata,Safari,Diesel,4,36.7,81.25,107.3333333,9.52,30191,370888000,120893080,2019
TAT1410SD118,31-12-2019,West,Maharashtra,Ranjangaon,Tata,Nexon,Petrol,4,46.7,78.75,104,7.95,28188,297750000,85938950,2019
TAT1410SD119,04-01-2020,South,Kerala,Pune,Tata,Tigor,Petrol,3,39.9,85,111.6666667,7.06,37761,196992000,49163624,2020
TAT1410SD120,08-01-2020,East,Odisha,Pune,Tata,Tiago EV,EV,0,152.2,92.5,121.6666667,9.6,11825,214835000,44795982,2020
TAT1410SD121,12-01-2020,North,Delhi,Pune,Tata,Nexon EV,EV,0,196.9,90,119.3333333,8.1,12277,517858000,152314544,2020
TAT1410SD122,16-01-2020,South,Telangana,Ranjangaon,Tata,Tigor EV,EV,0,169.6,87.5,116,7.14,8645,268200000,84803550,2020
TAT1410SD123,20-01-2020,West,Gujarat,Pune,Tata,Tiago,Diesel,3,49.7,82.5,109.3333333,10.48,35154,176510000,59074068,2020
TAT1410SD124,24-01-2020,North,Rajasthan,Pune,Tata,Altroz,Petrol,4,52.2,80,106,9.87,25364,174525000,44410113,2020
TAT1410SD125,28-01-2020,South,Karnataka,Ranjangaon,Tata,Punch,Petrol,3,58.7,86.25,113.3333333,12.93,49203,196247000,58021115,2020
TAT1410SD126,01-02-2020,East,Bihar,Pune,Tata,Harrier,Diesel,4,48.2,93.75,123.3333333,19.03,10031,258370000,67788310,2020
TAT1410SD127,05-02-2020,North,Jharkhand,Pune,Tata,Safari,Diesel,4,36.7,91.25,120.6666667,6.59,40979,385410000,125645220,2020
TAT1410SD128,09-02-2020,West,Maharashtra,Ranjangaon,Tata,Nexon,Petrol,4,46.7,88.75,117.3333333,12.32,34890,311025000,89785112,2020
TAT1410SD129,13-02-2020,South,Kerala,Pune,Tata,Tigor,Petrol,3,39.9,83.75,110.6666667,14.31,13574,203550000,50806499,2020
TAT1410SD130,17-02-2020,East,Odisha,Pune,Tata,Tiago EV,EV,0,152.2,81.25,107.3333333,10.53,37668,223020000,46517325,2020
TAT1410SD131,21-02-2020,North,Delhi,Pune,Tata,Nexon EV,EV,0,196.9,87.5,115,7.81,40890,538904000,158504096,2020
TAT1410SD132,25-02-2020,South,Telangana,Ranjangaon,Tata,Tigor EV,EV,0,169.6,95,125,14.62,21311,280944000,88820608,2020
TAT1410SD133,29-02-2020,West,Gujarat,Pune,Tata,Tiago,Diesel,3,49.7,92.5,122.6666667,8.82,35573,184684000,61793392,2020
TAT1410SD134,04-03-2020,North,Rajasthan,Pune,Tata,Altroz,Petrol,4,52.2,90,119.3333333,13.22,14237,181590000,46219434,2020
TAT1410SD135,08-03-2020,South,Karnataka,Ranjangaon,Tata,Punch,Petrol,3,58.7,85,112.6666667,7.01,26405,204340000,60400814,2020
TAT1410SD136,12-03-2020,East,Bihar,Pune,Tata,Harrier,Diesel,4,48.2,82.5,109.3333333,8.01,19725,269405000,70659639,2020
TAT1410SD137,16-03-2020,North,Jharkhand,Pune,Tata,Safari,Diesel,4,36.7,88.75,116.6666667,8.65,49368,400072000,130403176,2020
TAT1410SD138,20-03-2020,West,Maharashtra,Ranjangaon,Tata,Nexon,Petrol,4,46.7,96.25,126.6666667,8.52,37361,324375000,93623756,2020
TAT1410SD139,24-03-2020,South,Kerala,Pune,Tata,Tigor,Petrol,3,39.9,93.75,124,10.33,16282,210632000,52541438,2020
TAT1410SD140,28-03-2020,East,Odisha,Pune,Tata,Tiago EV,EV,0,152.2,91.25,120.6666667,9.59,39569,231205000,48188667,2020
TAT1410SD141,01-04-2020,North,Delhi,Pune,Tata,Nexon EV,EV,0,196.9,86.25,114,8.25,19895,560000000,164800000,2020
TAT1410SD142,05-04-2020,South,Telangana,Ranjangaon,Tata,Tigor EV,EV,0,169.6,83.75,110.6666667,8.84,39712,293686000,92842013,2020
TAT1410SD143,09-04-2020,West,Gujarat,Pune,Tata,Tiago,Diesel,3,49.7,90,118.3333333,18.65,49615,192850000,64528157,2020
TAT1410SD144,13-04-2020,North,Rajasthan,Pune,Tata,Altroz,Petrol,4,52.2,97.5,128.3333333,7.61,35534,188655000,48008453,2020
,17-04-2020,,,,,,,,,,,,,,,2020
,21-04-2020,,,,,,,,,,,,,,,2020
,25-04-2020,,,,,,,,,,,,,,,2020
,29-04-2020,,,,,,,,,,,,,,,2020
,03-05-2020,,,,,,,,,,,,,,,2020
,07-05-2020,,,,,,,,,,,,,,,2020
,11-05-2020,,,,,,,,,,,,,,,2020
,15-05-2020,,,,,,,,,,,,,,,2020
,19-05-2020,,,,,,,,,,,,,,,2020
,23-05-2020,,,,,,,,,,,,,,,2020
,27-05-2020,,,,,,,,,,,,,,,2020
,31-05-2020,,,,,,,,,,,,,,,2020
,04-06-2020,,,,,,,,,,,,,,,2020
,08-06-2020,,,,,,,,,,,,,,,2020
,12-06-2020,,,,,,,,,,,,,,,2020
,16-06-2020,,,,,,,,,,,,,,,2020
